slice_region,region_id,region_area
01-01,blood_419,7416.0
01-02,blood_423,585.0
01-03,blood_430,259.5
01-04,blood_431,68.0
01-05,blood_432,1275.5
01-06,blood_433,526.5
01-07,blood_434,817.5
01-08,blood_435,94.5
01-09,blood_436,1948.5
01-10,blood_437,320.0
01-11,blood_438,2125.0
01-12,blood_439,56.0
01-13,blood_440,864.5
01-14,blood_441,852.0
01-15,blood_442,1556.5
01-16,blood_443,724.5
01-17,blood_444,2620.0
01-18,blood_445,189.0
01-19,blood_446,56.0
01-20,blood_447,682.5
01-21,blood_448,218.0
01-22,blood_449,130.5
01-23,blood_450,1000.0
01-24,blood_451,132.5
01-25,blood_452,56.0
01-26,blood_453,1346.5
01-27,blood_454,59.5
01-28,blood_455,62.0
01-29,blood_456,482.0
01-30,blood_457,74.5
01-31,blood_458,64.0
01-32,blood_459,591.5
01-33,blood_460,178.0
01-34,blood_461,194.5
01-35,blood_462,98.0
01-36,blood_463,781.0
01-37,blood_464,556.5
01-38,blood_465,606.0
01-39,blood_466,1053.5
01-40,blood_467,650.5
01-41,blood_468,414.5
01-42,blood_469,356.5
01-43,blood_470,516.5
01-44,blood_471,68.0
01-45,blood_472,462.0
02-01,blood_371,1181.5
02-02,blood_372,112.0
02-03,blood_380,73.0
02-04,blood_381,3033.5
02-05,blood_382,859.0
02-06,blood_386,609.0
02-07,blood_387,432.5
02-08,blood_388,401.0
02-09,blood_389,477.0
02-10,blood_390,88.0
02-11,blood_391,729.0
02-12,blood_392,526.5
02-13,blood_393,122.5
02-14,blood_394,948.5
02-15,blood_395,64.0
02-16,blood_396,696.0
02-17,blood_397,369.0
02-18,blood_398,273.5
02-19,blood_399,465.0
02-20,blood_400,175.0
02-21,blood_401,374.0
02-22,blood_402,201.0
02-23,blood_403,317.0
02-24,blood_404,1245.5
02-25,blood_405,525.0
02-26,blood_406,214.5
02-27,blood_407,61.0
02-28,blood_408,70.5
02-29,blood_409,492.0
02-30,blood_410,538.0
02-31,blood_411,93.0
02-32,blood_412,79.5
02-33,blood_413,761.5
02-34,blood_414,77.0
02-35,blood_415,258.5
02-36,blood_416,551.5
02-37,blood_417,149.5
02-38,blood_418,340.5
02-39,blood_420,2859.0
02-40,blood_421,85.5
02-41,blood_422,431.5
02-42,blood_424,270.5
02-43,blood_425,559.0
02-44,blood_426,120.5
02-45,blood_427,116.5
02-46,blood_428,144.0
02-47,blood_429,205.5
03-01,blood_137,92.0
03-02,blood_140,4313.5
03-03,blood_161,79.5
03-04,blood_169,124.0
03-05,blood_171,457.0
03-06,blood_174,621.0
03-07,blood_177,179.0
03-08,blood_201,96.5
03-09,blood_202,64.0
03-10,blood_205,311.5
03-11,blood_210,8790.0
03-12,blood_220,228.5
03-13,blood_221,211.0
03-14,blood_224,44.0
03-15,blood_231,187.5
03-16,blood_233,75.5
03-17,blood_234,298.5
03-18,blood_235,2835.5
03-19,blood_236,49.0
03-20,blood_241,212.5
03-21,blood_244,654.5
03-22,blood_251,563.0
03-23,blood_252,73.0
03-24,blood_256,418.5
03-25,blood_257,228.5
03-26,blood_261,338.0
03-27,blood_263,333.0
03-28,blood_264,114.0
03-29,blood_265,111.5
03-30,blood_267,282.0
03-31,blood_270,466.5
03-32,blood_272,454.5
03-33,blood_273,364.5
03-34,blood_274,363.5
03-35,blood_276,221.5
03-36,blood_277,81.0
03-37,blood_278,59.5
03-38,blood_279,1903.5
03-39,blood_283,1862.5
03-40,blood_289,64.0
03-41,blood_292,189.5
03-42,blood_293,1125.0
03-43,blood_294,68.0
03-44,blood_297,700.0
03-45,blood_305,535.5
03-46,blood_307,492.5
03-47,blood_309,56.0
03-48,blood_311,165.0
03-49,blood_314,599.0
03-50,blood_315,1993.0
03-51,blood_316,56.0
03-52,blood_317,916.0
03-53,blood_318,56.0
03-54,blood_320,146.5
03-55,blood_321,247.5
03-56,blood_322,242.5
03-57,blood_325,318.0
03-58,blood_328,204.0
03-59,blood_329,166.0
03-60,blood_333,605.5
03-61,blood_334,727.0
03-62,blood_335,1571.5
03-63,blood_336,1328.5
03-64,blood_337,132.0
03-65,blood_338,174.5
03-66,blood_339,848.0
03-67,blood_340,56.0
03-68,blood_341,235.5
03-69,blood_342,590.0
03-70,blood_344,220.0
03-71,blood_345,421.0
03-72,blood_347,451.5
03-73,blood_348,94.5
03-74,blood_349,504.5
03-75,blood_350,677.5
03-76,blood_351,250.5
03-77,blood_353,386.0
03-78,blood_354,56.0
03-79,blood_355,48.0
03-80,blood_356,91.0
03-81,blood_357,1359.5
03-82,blood_358,418.5
03-83,blood_359,1294.0
03-84,blood_360,202.5
03-85,blood_361,73.0
03-86,blood_362,197.5
03-87,blood_363,490.5
03-88,blood_364,125.0
03-89,blood_365,73.0
03-90,blood_366,75.5
03-91,blood_367,2446.0
03-92,blood_368,535.5
03-93,blood_369,278.0
03-94,blood_370,130.0
03-95,blood_373,77.5
03-96,blood_374,400.0
03-97,blood_375,56.0
03-98,blood_376,78.0
03-99,blood_377,164.5
03-100,blood_378,1781.5
03-101,blood_379,93.0
03-102,blood_383,97.0
03-103,blood_384,1161.0
03-104,blood_385,1071.5
04-01,blood_58,436.0
04-02,blood_59,228.0
04-03,blood_60,106.5
04-04,blood_65,1555.5
04-05,blood_67,379.0
04-06,blood_76,311.5
04-07,blood_84,1762.0
04-08,blood_86,49.0
04-09,blood_90,56.0
04-10,blood_96,227.0
04-11,blood_101,182.5
04-12,blood_108,878.5
04-13,blood_115,166.5
04-14,blood_116,93.5
04-15,blood_117,939.5
04-16,blood_118,88.0
04-17,blood_121,3403.0
04-18,blood_129,151.5
04-19,blood_130,162.5
04-20,blood_131,56.0
04-21,blood_132,277.5
04-22,blood_138,103.0
04-23,blood_141,354.0
04-24,blood_142,1788.5
04-25,blood_143,324.0
04-26,blood_145,285.5
04-27,blood_146,313.0
04-28,blood_150,2626.0
04-29,blood_151,434.0
04-30,blood_152,178.5
04-31,blood_159,1829.5
04-32,blood_162,77.0
04-33,blood_164,1482.0
04-34,blood_165,56.0
04-35,blood_166,463.5
04-36,blood_168,272.0
04-37,blood_173,423.5
04-38,blood_175,55.0
04-39,blood_176,372.5
04-40,blood_183,698.5
04-41,blood_185,794.5
04-42,blood_187,56.0
04-43,blood_188,512.5
04-44,blood_191,56.0
04-45,blood_193,173.0
04-46,blood_195,1242.0
04-47,blood_197,127.5
04-48,blood_200,64.0
04-49,blood_204,671.0
04-50,blood_206,50.5
04-51,blood_209,373.5
04-52,blood_212,408.5
04-53,blood_213,174.0
04-54,blood_215,95.0
04-55,blood_216,455.5
04-56,blood_222,833.0
04-57,blood_223,874.0
04-58,blood_226,56.0
04-59,blood_228,56.0
04-60,blood_229,434.5
04-61,blood_237,1130.5
04-62,blood_239,110.0
04-63,blood_243,2200.0
04-64,blood_245,588.5
04-65,blood_248,93.5
04-66,blood_249,109.5
04-67,blood_250,227.0
04-68,blood_253,250.0
04-69,blood_255,105.0
04-70,blood_258,131.0
04-71,blood_259,239.0
04-72,blood_260,438.5
04-73,blood_275,208.5
04-74,blood_280,2027.0
04-75,blood_285,486.5
04-76,blood_288,148.0
04-77,blood_291,2080.5
04-78,blood_295,312.0
04-79,blood_296,385.0
04-80,blood_298,365.0
04-81,blood_299,42.0
04-82,blood_300,83.0
04-83,blood_301,1266.0
04-84,blood_302,364.5
04-85,blood_303,189.5
04-86,blood_304,262.0
04-87,blood_306,248.0
04-88,blood_308,189.0
04-89,blood_310,182.5
04-90,blood_312,634.0
04-91,blood_313,864.0
04-92,blood_319,100.0
04-93,blood_323,382.5
04-94,blood_324,154.5
04-95,blood_326,444.0
04-96,blood_327,2182.0
04-97,blood_330,68.0
04-98,blood_331,546.0
04-99,blood_332,551.0
04-100,blood_343,607.5
04-101,blood_346,63.0
04-102,blood_352,638.0
05-01,blood_1,141.5
05-02,blood_2,236.5
05-03,blood_3,821.0
05-04,blood_4,170.0
05-05,blood_5,665.0
05-06,blood_6,131.0
05-07,blood_7,102.5
05-08,blood_8,342.0
05-09,blood_9,3221.5
05-10,blood_10,301.0
05-11,blood_11,259.0
05-12,blood_12,680.5
05-13,blood_13,503.5
05-14,blood_14,499.5
05-15,blood_15,56.0
05-16,blood_16,5163.0
05-17,blood_17,545.0
05-18,blood_18,318.5
05-19,blood_19,136.0
05-20,blood_20,64.0
05-21,blood_21,738.0
05-22,blood_22,320.5
05-23,blood_23,100.5
05-24,blood_24,223.0
05-25,blood_25,575.5
05-26,blood_26,137.5
05-27,blood_27,135.0
05-28,blood_28,50.0
05-29,blood_29,834.5
05-30,blood_30,77.0
05-31,blood_31,343.0
05-32,blood_32,1190.5
05-33,blood_33,306.5
05-34,blood_34,56.0
05-35,blood_35,734.0
05-36,blood_36,803.0
05-37,blood_37,449.5
05-38,blood_38,56.0
05-39,blood_39,437.0
05-40,blood_40,104.5
05-41,blood_41,157.5
05-42,blood_42,1055.0
05-43,blood_43,64.0
05-44,blood_44,245.5
05-45,blood_45,590.0
05-46,blood_46,372.0
05-47,blood_47,726.0
05-48,blood_48,79.5
05-49,blood_49,56.0
05-50,blood_50,70.5
05-51,blood_51,56.0
05-52,blood_52,2301.0
05-53,blood_53,221.0
05-54,blood_54,272.0
05-55,blood_55,494.5
05-56,blood_56,88.0
05-57,blood_57,187.0
05-58,blood_61,117.0
05-59,blood_62,139.5
05-60,blood_63,1646.0
05-61,blood_64,1294.0
05-62,blood_66,423.0
05-63,blood_68,56.0
05-64,blood_69,1485.0
05-65,blood_70,730.0
05-66,blood_71,75.5
05-67,blood_72,562.5
05-68,blood_73,312.0
05-69,blood_74,440.0
05-70,blood_75,56.0
05-71,blood_77,788.0
05-72,blood_78,282.5
05-73,blood_79,420.5
05-74,blood_80,306.0
05-75,blood_81,358.0
05-76,blood_82,150.5
05-77,blood_83,68.0
05-78,blood_85,199.5
05-79,blood_87,454.0
05-80,blood_88,84.5
05-81,blood_89,3700.0
05-82,blood_91,129.5
05-83,blood_92,724.5
05-84,blood_93,752.5
05-85,blood_94,276.5
05-86,blood_95,909.5
05-87,blood_97,3457.5
05-88,blood_98,295.5
05-89,blood_99,208.5
05-90,blood_100,286.5
05-91,blood_102,192.5
05-92,blood_103,119.5
05-93,blood_104,468.5
05-94,blood_105,739.5
05-95,blood_106,56.0
05-96,blood_107,210.5
05-97,blood_109,740.0
05-98,blood_110,181.0
05-99,blood_111,56.0
05-100,blood_112,174.5
05-101,blood_113,53.0
05-102,blood_114,459.0
05-103,blood_119,315.5
05-104,blood_120,440.0
05-105,blood_122,1543.0
05-106,blood_123,389.5
05-107,blood_124,525.0
05-108,blood_125,2011.5
05-109,blood_126,395.5
05-110,blood_127,56.0
05-111,blood_128,64.0
05-112,blood_133,266.5
05-113,blood_134,49.0
05-114,blood_135,110.0
05-115,blood_136,238.5
05-116,blood_139,280.0
05-117,blood_144,887.5
05-118,blood_147,497.0
05-119,blood_148,113.0
05-120,blood_149,272.5
05-121,blood_153,2267.5
05-122,blood_154,227.5
05-123,blood_155,291.5
05-124,blood_156,167.5
05-125,blood_157,383.5
05-126,blood_158,98.0
05-127,blood_160,163.5
05-128,blood_163,77.0
05-129,blood_167,1008.5
05-130,blood_170,803.5
05-131,blood_172,333.5
05-132,blood_178,404.5
05-133,blood_179,306.0
05-134,blood_180,392.5
05-135,blood_181,56.0
05-136,blood_182,125.0
05-137,blood_184,240.5
05-138,blood_186,191.5
05-139,blood_189,578.0
05-140,blood_190,70.5
05-141,blood_192,252.0
05-142,blood_194,1273.5
05-143,blood_196,660.5
05-144,blood_198,96.0
05-145,blood_199,332.5
05-146,blood_203,532.0
05-147,blood_207,286.0
05-148,blood_208,431.5
05-149,blood_211,139.5
05-150,blood_214,56.0
05-151,blood_217,78.0
05-152,blood_218,280.0
05-153,blood_219,56.0
05-154,blood_225,79.5
05-155,blood_227,88.0
05-156,blood_230,505.0
05-157,blood_232,133.5
05-158,blood_238,80.0
05-159,blood_240,458.5
05-160,blood_242,1956.0
05-161,blood_246,79.5
05-162,blood_247,502.5
05-163,blood_254,295.0
05-164,blood_262,293.0
05-165,blood_266,101.0
05-166,blood_268,234.0
05-167,blood_269,55.0
05-168,blood_271,923.0
05-169,blood_281,387.5
05-170,blood_282,786.0
05-171,blood_284,105.0
05-172,blood_286,415.5
05-173,blood_287,173.0
05-174,blood_290,68.0
06-01,blood_1074,1119.5
06-02,blood_1075,291.0
06-03,blood_1076,115.0
06-04,blood_1077,166.5
06-05,blood_1078,169.0
06-06,blood_1079,54.5
06-07,blood_1080,70.5
06-08,blood_1083,70.5
06-09,blood_1088,1360.0
06-10,blood_1089,52.0
06-11,blood_1092,56.5
06-12,blood_1093,138.0
06-13,blood_1096,68.0
06-14,blood_1097,56.0
06-15,blood_1102,56.0
06-16,blood_1105,930.0
06-17,blood_1108,260.0
06-18,blood_1111,56.5
06-19,blood_1120,196.5
06-20,blood_1122,56.0
06-21,blood_1124,154.5
06-22,blood_1129,794.5
06-23,blood_1130,64.0
06-24,blood_1133,716.0
06-25,blood_1144,245.0
06-26,blood_1145,1995.5
06-27,blood_1149,492.5
06-28,blood_1150,3407.5
06-29,blood_1151,336.5
06-30,blood_1153,350.5
06-31,blood_1155,56.0
06-32,blood_1156,262.0
06-33,blood_1158,661.5
06-34,blood_1161,64.0
06-35,blood_1162,81.5
06-36,blood_1163,207.5
06-37,blood_1164,137.5
06-38,blood_1165,56.0
06-39,blood_1166,76.5
06-40,blood_1167,212.0
06-41,blood_1168,116.0
06-42,blood_1169,205.0
06-43,blood_1170,380.5
06-44,blood_1171,3926.0
06-45,blood_1172,898.5
06-46,blood_1173,97.5
06-47,blood_1174,56.0
06-48,blood_1175,162.0
06-49,blood_1176,56.0
06-50,blood_1179,533.0
06-51,blood_1180,359.0
06-52,blood_1181,152.0
06-53,blood_1182,242.0
06-54,blood_1183,440.0
06-55,blood_1184,44.0
06-56,blood_1186,355.0
06-57,blood_1187,3314.5
06-58,blood_1188,81.0
06-59,blood_1189,277.5
06-60,blood_1190,138.0
06-61,blood_1191,414.0
06-62,blood_1192,394.5
06-63,blood_1193,281.0
06-64,blood_1194,435.5
06-65,blood_1195,452.0
06-66,blood_1196,1255.5
06-67,blood_1197,192.0
06-68,blood_1198,247.0
06-69,blood_1199,163.5
06-70,blood_1200,420.0
06-71,blood_1201,574.0
06-72,blood_1202,132.5
06-73,blood_1203,535.5
06-74,blood_1204,75.5
06-75,blood_1205,64.0
06-76,blood_1206,78.0
06-77,blood_1207,212.5
06-78,blood_1208,56.0
06-79,blood_1209,274.5
06-80,blood_1210,236.5
06-81,blood_1211,217.5
06-82,blood_1212,324.5
06-83,blood_1213,328.0
06-84,blood_1214,601.0
06-85,blood_1215,131.0
06-86,blood_1216,235.5
06-87,blood_1217,56.0
06-88,blood_1218,646.0
06-89,blood_1219,271.5
06-90,blood_1220,111.0
06-91,blood_1221,284.0
06-92,blood_1222,109.0
06-93,blood_1223,64.0
06-94,blood_1224,246.5
06-95,blood_1225,395.0
06-96,blood_1226,56.0
06-97,blood_1227,70.5
06-98,blood_1228,151.0
06-99,blood_1229,757.5
06-100,blood_1230,829.5
06-101,blood_1231,168.0
06-102,blood_1232,893.5
06-103,blood_1233,240.0
06-104,blood_1234,950.5
06-105,blood_1235,73.0
06-106,blood_1236,182.0
06-107,blood_1237,1485.5
06-108,blood_1238,3202.0
06-109,blood_1239,49.0
06-110,blood_1240,102.5
06-111,blood_1241,419.0
06-112,blood_1242,535.5
06-113,blood_1243,64.0
06-114,blood_1244,123.0
06-115,blood_1245,112.0
06-116,blood_1246,286.5
06-117,blood_1247,699.0
06-118,blood_1248,100.5
06-119,blood_1249,306.5
06-120,blood_1250,437.0
06-121,blood_1251,801.5
06-122,blood_1252,151.5
06-123,blood_1253,75.5
06-124,blood_1254,280.5
06-125,blood_1255,418.5
06-126,blood_1256,254.0
06-127,blood_1257,1421.5
06-128,blood_1258,64.0
06-129,blood_1259,709.5
06-130,blood_1260,1465.5
06-131,blood_1261,104.0
06-132,blood_1262,84.5
06-133,blood_1263,1363.5
06-134,blood_1264,336.0
06-135,blood_1265,62.0
06-136,blood_1266,545.5
06-137,blood_1267,320.5
06-138,blood_1268,834.0
06-139,blood_1269,833.5
06-140,blood_1270,56.0
06-141,blood_1271,584.5
06-142,blood_1272,99.5
06-143,blood_1273,54.5
06-144,blood_1274,564.0
06-145,blood_1275,52.0
06-146,blood_1276,2398.5
06-147,blood_1277,1198.5
06-148,blood_1278,79.5
06-149,blood_1279,435.0
06-150,blood_1280,245.0
06-151,blood_1281,55.0
06-152,blood_1282,56.0
06-153,blood_1283,66.5
06-154,blood_1284,366.0
06-155,blood_1285,56.0
06-156,blood_1286,100.0
06-157,blood_1287,112.5
06-158,blood_1288,70.5
06-159,blood_1289,721.5
06-160,blood_1290,121.5
06-161,blood_1291,434.0
06-162,blood_1292,56.0
06-163,blood_1293,135.0
06-164,blood_1294,581.0
06-165,blood_1295,108.5
06-166,blood_1296,373.0
06-167,blood_1297,541.0
07-01,blood_930,79.5
07-02,blood_955,478.0
07-03,blood_964,384.0
07-04,blood_981,245.5
07-05,blood_982,59.0
07-06,blood_983,245.5
07-07,blood_985,379.5
07-08,blood_990,70.5
07-09,blood_993,899.5
07-10,blood_994,402.0
07-11,blood_995,63.0
07-12,blood_996,1012.5
07-13,blood_997,91.0
07-14,blood_998,362.5
07-15,blood_999,342.5
07-16,blood_1000,199.5
07-17,blood_1001,83.0
07-18,blood_1003,258.5
07-19,blood_1005,2306.0
07-20,blood_1006,72.0
07-21,blood_1007,262.0
07-22,blood_1008,162.5
07-23,blood_1009,317.0
07-24,blood_1010,240.5
07-25,blood_1011,560.5
07-26,blood_1012,83.5
07-27,blood_1013,147.0
07-28,blood_1014,732.0
07-29,blood_1015,414.5
07-30,blood_1018,260.0
07-31,blood_1021,494.0
07-32,blood_1022,173.0
07-33,blood_1023,467.5
07-34,blood_1025,622.5
07-35,blood_1026,8123.0
07-36,blood_1027,110.5
07-37,blood_1028,1177.5
07-38,blood_1030,686.5
07-39,blood_1031,638.0
07-40,blood_1032,56.0
07-41,blood_1033,549.0
07-42,blood_1034,464.5
07-43,blood_1035,330.0
07-44,blood_1036,488.5
07-45,blood_1037,853.0
07-46,blood_1038,208.5
07-47,blood_1039,290.5
07-48,blood_1040,610.0
07-49,blood_1041,70.5
07-50,blood_1042,646.0
07-51,blood_1043,271.0
07-52,blood_1044,55.0
07-53,blood_1045,84.0
07-54,blood_1046,625.5
07-55,blood_1047,306.0
07-56,blood_1048,135.5
07-57,blood_1049,797.5
07-58,blood_1050,82.0
07-59,blood_1051,266.0
07-60,blood_1052,258.5
07-61,blood_1053,272.0
07-62,blood_1054,79.5
07-63,blood_1055,72.0
07-64,blood_1056,221.5
07-65,blood_1057,667.5
07-66,blood_1058,80.0
07-67,blood_1059,487.0
07-68,blood_1060,161.0
07-69,blood_1061,230.0
07-70,blood_1062,477.5
07-71,blood_1063,651.5
07-72,blood_1064,599.5
07-73,blood_1065,49.0
07-74,blood_1066,99.5
07-75,blood_1067,525.5
07-76,blood_1068,465.0
07-77,blood_1069,56.0
07-78,blood_1070,1061.5
07-79,blood_1071,187.5
07-80,blood_1072,49.0
07-81,blood_1073,277.0
07-82,blood_1081,64.0
07-83,blood_1082,202.5
07-84,blood_1084,770.5
07-85,blood_1085,212.5
07-86,blood_1086,204.0
07-87,blood_1087,745.0
07-88,blood_1090,1651.0
07-89,blood_1091,691.5
07-90,blood_1094,183.0
07-91,blood_1095,255.0
07-92,blood_1098,234.5
07-93,blood_1099,1429.5
07-94,blood_1100,437.5
07-95,blood_1101,80.5
07-96,blood_1103,164.5
07-97,blood_1104,901.5
07-98,blood_1106,934.0
07-99,blood_1107,135.5
07-100,blood_1109,130.5
07-101,blood_1110,70.5
07-102,blood_1112,64.0
07-103,blood_1113,314.5
07-104,blood_1114,123.0
07-105,blood_1115,1303.5
07-106,blood_1116,132.5
07-107,blood_1117,70.5
07-108,blood_1118,475.5
07-109,blood_1119,292.5
07-110,blood_1121,1055.5
07-111,blood_1123,141.0
07-112,blood_1125,336.5
07-113,blood_1126,298.5
07-114,blood_1127,534.5
07-115,blood_1128,144.0
07-116,blood_1131,478.5
07-117,blood_1132,220.0
07-118,blood_1134,331.5
07-119,blood_1135,858.0
07-120,blood_1136,2196.0
07-121,blood_1137,153.5
07-122,blood_1138,214.5
07-123,blood_1139,1449.0
07-124,blood_1140,56.0
07-125,blood_1141,108.0
07-126,blood_1142,613.5
07-127,blood_1143,165.0
07-128,blood_1146,930.5
07-129,blood_1147,5713.0
07-130,blood_1148,955.5
07-131,blood_1152,1805.5
07-132,blood_1154,74.0
07-133,blood_1157,460.0
07-134,blood_1159,445.5
07-135,blood_1160,147.5
07-136,blood_1177,86.0
07-137,blood_1178,2046.5
07-138,blood_1185,183.0
08-01,blood_764,4565.0
08-02,blood_786,88.5
08-03,blood_788,78.0
08-04,blood_790,64.0
08-05,blood_791,109.0
08-06,blood_793,70.5
08-07,blood_808,237.5
08-08,blood_833,394.5
08-09,blood_835,423.0
08-10,blood_837,283.5
08-11,blood_838,303.0
08-12,blood_840,95.0
08-13,blood_844,162.0
08-14,blood_845,862.5
08-15,blood_847,92.0
08-16,blood_853,881.0
08-17,blood_854,202.0
08-18,blood_856,210.5
08-19,blood_857,370.5
08-20,blood_859,52.0
08-21,blood_860,1071.5
08-22,blood_861,1695.5
08-23,blood_866,56.0
08-24,blood_867,241.5
08-25,blood_868,116.0
08-26,blood_870,627.5
08-27,blood_871,502.0
08-28,blood_872,85.0
08-29,blood_873,210.5
08-30,blood_874,3378.0
08-31,blood_876,160.0
08-32,blood_877,112.5
08-33,blood_878,1522.0
08-34,blood_879,407.5
08-35,blood_880,653.0
08-36,blood_881,361.5
08-37,blood_882,2728.5
08-38,blood_883,4974.0
08-39,blood_884,77.0
08-40,blood_885,1739.0
08-41,blood_886,87.0
08-42,blood_887,93.0
08-43,blood_888,2281.0
08-44,blood_889,64.0
08-45,blood_890,309.0
08-46,blood_891,203.0
08-47,blood_892,79.5
08-48,blood_893,227.0
08-49,blood_894,238.5
08-50,blood_895,308.5
08-51,blood_896,448.0
08-52,blood_897,209.5
08-53,blood_898,143.5
08-54,blood_899,91.0
08-55,blood_900,878.5
08-56,blood_901,149.0
08-57,blood_902,475.5
08-58,blood_903,136.0
08-59,blood_904,241.5
08-60,blood_905,64.0
08-61,blood_906,179.5
08-62,blood_907,431.5
08-63,blood_908,185.5
08-64,blood_909,160.5
08-65,blood_910,307.0
08-66,blood_911,101.0
08-67,blood_912,269.5
08-68,blood_913,613.5
08-69,blood_914,234.5
08-70,blood_915,103.0
08-71,blood_916,369.0
08-72,blood_917,386.0
08-73,blood_918,486.5
08-74,blood_919,432.0
08-75,blood_920,1426.0
08-76,blood_921,1882.5
08-77,blood_922,94.5
08-78,blood_923,1803.0
08-79,blood_924,93.5
08-80,blood_925,56.0
08-81,blood_926,1586.0
08-82,blood_927,1656.0
08-83,blood_928,226.0
08-84,blood_929,106.0
08-85,blood_931,147.0
08-86,blood_932,113.5
08-87,blood_933,174.5
08-88,blood_934,102.5
08-89,blood_935,1014.5
08-90,blood_936,170.5
08-91,blood_937,508.0
08-92,blood_938,588.5
08-93,blood_939,64.0
08-94,blood_940,127.5
08-95,blood_941,183.5
08-96,blood_942,1004.0
08-97,blood_943,1202.0
08-98,blood_944,700.0
08-99,blood_945,110.0
08-100,blood_946,75.0
08-101,blood_947,64.0
08-102,blood_948,380.5
08-103,blood_949,56.0
08-104,blood_950,281.0
08-105,blood_951,56.0
08-106,blood_952,261.0
08-107,blood_953,70.5
08-108,blood_954,56.0
08-109,blood_956,62.0
08-110,blood_957,70.5
08-111,blood_958,702.5
08-112,blood_959,116.0
08-113,blood_960,80.0
08-114,blood_961,79.5
08-115,blood_962,11515.0
08-116,blood_963,56.0
08-117,blood_965,108.0
08-118,blood_966,479.0
08-119,blood_967,344.0
08-120,blood_968,418.0
08-121,blood_969,471.0
08-122,blood_970,309.0
08-123,blood_971,439.5
08-124,blood_972,938.5
08-125,blood_973,373.5
08-126,blood_974,372.0
08-127,blood_975,629.0
08-128,blood_976,931.5
08-129,blood_977,571.5
08-130,blood_978,56.0
08-131,blood_979,245.0
08-132,blood_980,156.0
08-133,blood_984,68.0
08-134,blood_986,395.0
08-135,blood_987,116.5
08-136,blood_988,371.5
08-137,blood_989,248.0
08-138,blood_991,390.0
08-139,blood_992,2361.5
08-140,blood_1002,56.0
08-141,blood_1004,592.0
08-142,blood_1016,4721.0
08-143,blood_1017,155.5
08-144,blood_1019,74.5
08-145,blood_1020,129.0
08-146,blood_1024,72.0
08-147,blood_1029,91.5
09-01,blood_595,14006.5
09-02,blood_596,135.5
09-03,blood_599,270.0
09-04,blood_600,87.5
09-05,blood_604,56.0
09-06,blood_605,325.0
09-07,blood_609,62.0
09-08,blood_612,331.0
09-09,blood_614,56.0
09-10,blood_628,974.5
09-11,blood_636,380.0
09-12,blood_637,179.0
09-13,blood_638,449.5
09-14,blood_640,470.0
09-15,blood_642,56.0
09-16,blood_643,552.5
09-17,blood_644,432.5
09-18,blood_649,11354.0
09-19,blood_650,170.0
09-20,blood_651,70.5
09-21,blood_652,100.0
09-22,blood_654,56.0
09-23,blood_655,72.0
09-24,blood_656,55.0
09-25,blood_657,2418.0
09-26,blood_658,98.5
09-27,blood_659,119.5
09-28,blood_660,378.5
09-29,blood_661,719.5
09-30,blood_662,112.0
09-31,blood_663,241.0
09-32,blood_664,240.5
09-33,blood_665,444.5
09-34,blood_666,719.0
09-35,blood_667,67.5
09-36,blood_668,64.0
09-37,blood_669,503.5
09-38,blood_670,973.0
09-39,blood_671,147.0
09-40,blood_672,98.5
09-41,blood_673,48.0
09-42,blood_674,594.0
09-43,blood_675,117.5
09-44,blood_676,887.0
09-45,blood_677,416.5
09-46,blood_678,311.0
09-47,blood_679,913.0
09-48,blood_680,45.5
09-49,blood_681,56.0
09-50,blood_682,738.5
09-51,blood_683,77.0
09-52,blood_684,64.0
09-53,blood_685,4167.0
09-54,blood_686,538.5
09-55,blood_687,535.0
09-56,blood_688,333.5
09-57,blood_689,488.0
09-58,blood_690,169.5
09-59,blood_691,406.5
09-60,blood_692,112.5
09-61,blood_693,741.5
09-62,blood_694,522.5
09-63,blood_695,115.0
09-64,blood_696,94.5
09-65,blood_697,75.5
09-66,blood_698,573.5
09-67,blood_699,104.0
09-68,blood_700,120.5
09-69,blood_701,319.0
09-70,blood_702,1113.0
09-71,blood_703,105.0
09-72,blood_704,548.0
09-73,blood_705,168.0
09-74,blood_706,548.0
09-75,blood_707,90.0
09-76,blood_708,689.5
09-77,blood_709,64.0
09-78,blood_710,312.0
09-79,blood_711,56.0
09-80,blood_712,286.0
09-81,blood_713,262.0
09-82,blood_714,740.5
09-83,blood_715,130.5
09-84,blood_716,514.0
09-85,blood_717,420.0
09-86,blood_718,369.0
09-87,blood_719,319.0
09-88,blood_720,62.0
09-89,blood_721,423.0
09-90,blood_722,703.5
09-91,blood_723,630.5
09-92,blood_724,59.0
09-93,blood_725,204.5
09-94,blood_726,1009.0
09-95,blood_727,87.5
09-96,blood_728,564.0
09-97,blood_729,865.5
09-98,blood_730,2153.0
09-99,blood_731,56.0
09-100,blood_732,56.0
09-101,blood_733,442.0
09-102,blood_734,1234.5
09-103,blood_735,171.0
09-104,blood_736,251.5
09-105,blood_737,68.0
09-106,blood_738,1593.0
09-107,blood_739,248.5
09-108,blood_740,606.5
09-109,blood_741,70.5
09-110,blood_742,80.0
09-111,blood_743,114.0
09-112,blood_744,73.5
09-113,blood_745,294.0
09-114,blood_746,102.5
09-115,blood_747,442.0
09-116,blood_748,121.5
09-117,blood_749,245.5
09-118,blood_750,99.5
09-119,blood_751,255.0
09-120,blood_752,357.0
09-121,blood_753,262.5
09-122,blood_754,1035.5
09-123,blood_755,712.5
09-124,blood_756,104.0
09-125,blood_757,64.0
09-126,blood_758,72.0
09-127,blood_759,619.5
09-128,blood_760,1634.0
09-129,blood_761,142.5
09-130,blood_762,131.5
09-131,blood_763,91.0
09-132,blood_765,496.0
09-133,blood_766,137.5
09-134,blood_767,755.0
09-135,blood_768,548.5
09-136,blood_769,119.0
09-137,blood_770,227.0
09-138,blood_771,671.0
09-139,blood_772,56.0
09-140,blood_773,233.5
09-141,blood_774,371.5
09-142,blood_775,616.5
09-143,blood_776,231.0
09-144,blood_777,1017.0
09-145,blood_778,278.5
09-146,blood_779,297.0
09-147,blood_780,5848.5
09-148,blood_781,56.0
09-149,blood_782,182.0
09-150,blood_783,49.5
09-151,blood_784,98.0
09-152,blood_785,175.5
09-153,blood_787,1459.5
09-154,blood_789,282.5
09-155,blood_792,308.5
09-156,blood_794,56.0
09-157,blood_795,179.5
09-158,blood_796,306.0
09-159,blood_797,361.5
09-160,blood_798,200.0
09-161,blood_799,339.5
09-162,blood_800,116.5
09-163,blood_801,426.0
09-164,blood_802,279.5
09-165,blood_803,56.0
09-166,blood_804,814.5
09-167,blood_805,59.0
09-168,blood_806,668.0
09-169,blood_807,56.0
09-170,blood_809,700.5
09-171,blood_810,173.0
09-172,blood_811,11526.0
09-173,blood_812,119.5
09-174,blood_813,581.0
09-175,blood_814,124.0
09-176,blood_815,206.0
09-177,blood_816,44.0
09-178,blood_817,371.5
09-179,blood_818,3142.5
09-180,blood_819,214.5
09-181,blood_820,277.5
09-182,blood_821,56.0
09-183,blood_822,64.0
09-184,blood_823,386.5
09-185,blood_824,79.5
09-186,blood_825,81.5
09-187,blood_826,56.0
09-188,blood_827,347.0
09-189,blood_828,779.0
09-190,blood_829,733.0
09-191,blood_830,313.5
09-192,blood_831,275.0
09-193,blood_832,510.5
09-194,blood_834,603.5
09-195,blood_836,451.0
09-196,blood_839,157.5
09-197,blood_841,140.5
09-198,blood_842,1127.0
09-199,blood_843,434.5
09-200,blood_846,4511.5
09-201,blood_848,2033.0
09-202,blood_849,56.0
09-203,blood_850,74.0
09-204,blood_851,340.5
09-205,blood_852,70.5
09-206,blood_855,1227.0
09-207,blood_858,390.5
09-208,blood_862,479.5
09-209,blood_863,248.5
09-210,blood_864,107.5
09-211,blood_865,125.0
09-212,blood_869,155.0
09-213,blood_875,240.5
10-01,blood_473,103.0
10-02,blood_474,1304.0
10-03,blood_475,350.5
10-04,blood_476,164.5
10-05,blood_477,4356.0
10-06,blood_478,1173.5
10-07,blood_479,73.0
10-08,blood_480,48.0
10-09,blood_481,59.5
10-10,blood_482,5013.0
10-11,blood_483,98.5
10-12,blood_484,163.5
10-13,blood_485,167.0
10-14,blood_486,524.5
10-15,blood_487,461.5
10-16,blood_488,976.0
10-17,blood_489,360.0
10-18,blood_490,84.5
10-19,blood_491,737.0
10-20,blood_492,495.0
10-21,blood_493,824.5
10-22,blood_494,224.0
10-23,blood_495,678.5
10-24,blood_496,117.0
10-25,blood_497,390.5
10-26,blood_498,132.5
10-27,blood_499,255.5
10-28,blood_500,124.5
10-29,blood_501,42.0
10-30,blood_502,165.0
10-31,blood_503,377.0
10-32,blood_504,519.0
10-33,blood_505,64.0
10-34,blood_506,321.0
10-35,blood_507,340.5
10-36,blood_508,114.0
10-37,blood_509,484.0
10-38,blood_510,107.5
10-39,blood_511,706.0
10-40,blood_512,1967.5
10-41,blood_513,278.5
10-42,blood_514,64.0
10-43,blood_515,670.0
10-44,blood_516,562.0
10-45,blood_517,351.0
10-46,blood_518,308.5
10-47,blood_519,64.0
10-48,blood_520,276.5
10-49,blood_521,72.0
10-50,blood_522,2189.0
10-51,blood_523,425.0
10-52,blood_524,184.5
10-53,blood_525,284.0
10-54,blood_526,380.5
10-55,blood_527,456.0
10-56,blood_528,317.0
10-57,blood_529,233.5
10-58,blood_530,643.0
10-59,blood_531,96.5
10-60,blood_532,91.5
10-61,blood_533,119.0
10-62,blood_534,182.0
10-63,blood_535,453.0
10-64,blood_536,177.5
10-65,blood_537,457.0
10-66,blood_538,102.0
10-67,blood_539,824.5
10-68,blood_540,74.0
10-69,blood_541,64.0
10-70,blood_542,605.5
10-71,blood_543,97.0
10-72,blood_544,259.0
10-73,blood_545,628.0
10-74,blood_546,231.5
10-75,blood_547,59.0
10-76,blood_548,155.0
10-77,blood_549,73.0
10-78,blood_550,625.5
10-79,blood_551,223.5
10-80,blood_552,530.0
10-81,blood_553,145.0
10-82,blood_554,605.0
10-83,blood_555,98.0
10-84,blood_556,56.0
10-85,blood_557,52.0
10-86,blood_558,197.0
10-87,blood_559,71.0
10-88,blood_560,102.5
10-89,blood_561,662.5
10-90,blood_562,104.0
10-91,blood_563,186.0
10-92,blood_564,1255.0
10-93,blood_565,89.5
10-94,blood_566,1342.5
10-95,blood_567,423.5
10-96,blood_568,247.0
10-97,blood_569,243.0
10-98,blood_570,49.0
10-99,blood_571,193.0
10-100,blood_572,182.5
10-101,blood_573,2896.5
10-102,blood_574,114.0
10-103,blood_575,56.0
10-104,blood_576,230.0
10-105,blood_577,296.5
10-106,blood_578,2816.5
10-107,blood_579,330.0
10-108,blood_580,133.0
10-109,blood_581,767.0
10-110,blood_582,180.5
10-111,blood_583,68.0
10-112,blood_584,75.5
10-113,blood_585,115.0
10-114,blood_586,279.5
10-115,blood_587,435.0
10-116,blood_588,137.5
10-117,blood_589,134.0
10-118,blood_590,214.0
10-119,blood_591,103.0
10-120,blood_592,186.0
10-121,blood_593,139.5
10-122,blood_594,1303.5
10-123,blood_597,496.5
10-124,blood_598,581.5
10-125,blood_601,451.5
10-126,blood_602,829.5
10-127,blood_603,152.5
10-128,blood_606,197.5
10-129,blood_607,274.5
10-130,blood_608,304.0
10-131,blood_610,180.5
10-132,blood_611,2908.5
10-133,blood_613,688.0
10-134,blood_615,330.5
10-135,blood_616,199.0
10-136,blood_617,428.5
10-137,blood_618,156.0
10-138,blood_619,533.0
10-139,blood_620,293.5
10-140,blood_621,180.5
10-141,blood_622,132.5
10-142,blood_623,131.0
10-143,blood_624,115.0
10-144,blood_625,802.0
10-145,blood_626,418.5
10-146,blood_627,100.0
10-147,blood_629,140.0
10-148,blood_630,133.0
10-149,blood_631,2709.5
10-150,blood_632,193.0
10-151,blood_633,493.5
10-152,blood_634,101.0
10-153,blood_635,144.0
10-154,blood_639,162.0
10-155,blood_641,270.5
10-156,blood_645,92.0
10-157,blood_646,94.5
10-158,blood_647,136.0
10-159,blood_648,203.0
10-160,blood_653,101.5
11-01,blood_1340,106.5
11-02,blood_1341,752.5
11-03,blood_1342,64.0
11-04,blood_1360,1391.0
11-05,blood_1361,1049.0
11-06,blood_1371,88.0
11-07,blood_1382,836.5
11-08,blood_1383,2648.5
11-09,blood_1401,1615.0
11-10,blood_1413,2877.5
11-11,blood_1419,1851.0
11-12,blood_1425,883.0
11-13,blood_1445,175.5
11-14,blood_1460,1199.5
11-15,blood_1470,88.5
11-16,blood_1479,196.0
11-17,blood_1487,243.0
11-18,blood_1494,78.0
11-19,blood_1504,7086.0
11-20,blood_1509,68.0
11-21,blood_1515,64.0
11-22,blood_1530,325.0
11-23,blood_1539,493.5
11-24,blood_1542,186.5
11-25,blood_1548,401.5
11-26,blood_1565,813.5
11-27,blood_1567,576.5
11-28,blood_1573,399.0
11-29,blood_1575,2722.0
11-30,blood_1580,56.0
11-31,blood_1581,146.0
11-32,blood_1585,318.0
11-33,blood_1587,72.0
11-34,blood_1588,273.5
11-35,blood_1591,344.5
11-36,blood_1597,117.0
11-37,blood_1598,66.5
11-38,blood_1599,241.5
11-39,blood_1602,42.5
11-40,blood_1603,811.0
11-41,blood_1605,73.0
11-42,blood_1615,1605.0
11-43,blood_1616,56.0
11-44,blood_1620,64.0
11-45,blood_1621,713.0
11-46,blood_1623,680.0
11-47,blood_1624,116.0
11-48,blood_1631,192.0
11-49,blood_1639,81.5
11-50,blood_1640,372.5
11-51,blood_1644,211.0
11-52,blood_1645,56.0
11-53,blood_1647,107.0
11-54,blood_1654,56.0
11-55,blood_1658,431.0
11-56,blood_1663,342.5
11-57,blood_1665,211.5
11-58,blood_1672,616.0
11-59,blood_1683,107.0
11-60,blood_1684,560.5
11-61,blood_1688,111.5
11-62,blood_1692,379.5
11-63,blood_1695,56.0
11-64,blood_1701,79.5
11-65,blood_1704,89.0
11-66,blood_1709,725.0
11-67,blood_1730,285.5
11-68,blood_1734,145.0
11-69,blood_1741,73.0
11-70,blood_1765,124.0
11-71,blood_1769,290.5
11-72,blood_1771,182.0
11-73,blood_1773,60.5
11-74,blood_1778,176.0
11-75,blood_1785,510.5
11-76,blood_1789,220.5
11-77,blood_1791,631.5
11-78,blood_1800,578.0
11-79,blood_1803,447.0
11-80,blood_1804,1033.5
11-81,blood_1807,64.0
11-82,blood_1808,233.0
11-83,blood_1817,457.0
11-84,blood_1824,64.0
11-85,blood_1826,321.0
11-86,blood_1828,1066.5
11-87,blood_1829,523.5
11-88,blood_1831,461.0
11-89,blood_1834,373.5
11-90,blood_1838,3261.0
11-91,blood_1839,142.0
11-92,blood_1846,133.5
11-93,blood_1847,56.0
11-94,blood_1848,883.0
11-95,blood_1851,1865.0
11-96,blood_1852,107.5
11-97,blood_1854,68.0
11-98,blood_1855,80.0
11-99,blood_1865,96.0
11-100,blood_1867,210.5
11-101,blood_1870,343.5
11-102,blood_1872,528.5
11-103,blood_1873,324.5
11-104,blood_1879,56.0
11-105,blood_1880,290.5
11-106,blood_1884,581.5
11-107,blood_1885,97.0
11-108,blood_1886,352.0
11-109,blood_1890,56.0
11-110,blood_1892,617.0
11-111,blood_1894,95.5
11-112,blood_1899,159.0
11-113,blood_1901,974.5
11-114,blood_1907,564.0
11-115,blood_1921,665.5
11-116,blood_1929,327.0
11-117,blood_1935,280.5
11-118,blood_1941,603.5
11-119,blood_1951,64.0
11-120,blood_1952,451.0
11-121,blood_1957,1412.5
11-122,blood_1961,402.5
11-123,blood_1963,312.0
11-124,blood_1964,225.5
11-125,blood_1968,1725.5
11-126,blood_1975,402.0
11-127,blood_1976,70.5
11-128,blood_1977,77.0
11-129,blood_1980,331.0
11-130,blood_1984,96.0
11-131,blood_1992,7926.5
11-132,blood_1994,473.5
11-133,blood_1998,56.0
11-134,blood_2009,354.0
11-135,blood_2012,70.5
11-136,blood_2017,429.5
11-137,blood_2018,235.0
11-138,blood_2021,56.0
11-139,blood_2026,309.5
11-140,blood_2029,56.0
11-141,blood_2034,174.0
11-142,blood_2039,227.0
11-143,blood_2048,96.5
11-144,blood_2056,2995.0
11-145,blood_2060,415.0
11-146,blood_2066,523.5
11-147,blood_2080,283.5
11-148,blood_2084,2093.0
11-149,blood_2087,347.5
11-150,blood_2090,653.0
11-151,blood_2109,1419.5
11-152,blood_2118,328.0
11-153,blood_2124,56.0
11-154,blood_2149,82.0
11-155,blood_2150,68.0
11-156,blood_2152,945.5
11-157,blood_2156,80.0
11-158,blood_2169,291.0
11-159,blood_2172,467.5
11-160,blood_2180,3673.5
11-161,blood_2181,377.0
11-162,blood_2187,142.0
12-01,blood_1348,1063.5
12-02,blood_1349,7834.5
12-03,blood_1352,84.5
12-04,blood_1389,5270.5
12-05,blood_1408,122.5
12-06,blood_1416,127.5
12-07,blood_1421,83.0
12-08,blood_1426,150.5
12-09,blood_1427,325.5
12-10,blood_1433,56.0
12-11,blood_1441,671.5
12-12,blood_1461,165.0
12-13,blood_1462,161.5
12-14,blood_1466,2817.5
12-15,blood_1477,3363.5
12-16,blood_1481,56.0
12-17,blood_1486,242.5
12-18,blood_1492,755.0
12-19,blood_1493,60.5
12-20,blood_1501,463.0
12-21,blood_1505,96.0
12-22,blood_1516,192.5
12-23,blood_1517,898.5
12-24,blood_1518,7101.0
12-25,blood_1521,241.0
12-26,blood_1522,223.5
12-27,blood_1523,2123.5
12-28,blood_1533,933.0
12-29,blood_1534,75.0
12-30,blood_1535,356.0
12-31,blood_1555,124.0
12-32,blood_1558,185.0
12-33,blood_1562,312.0
12-34,blood_1568,1580.5
12-35,blood_1569,330.5
12-36,blood_1582,529.5
12-37,blood_1600,2413.0
12-38,blood_1601,56.0
12-39,blood_1606,2348.0
12-40,blood_1607,390.5
12-41,blood_1611,56.0
12-42,blood_1613,245.0
12-43,blood_1628,385.5
12-44,blood_1635,56.0
12-45,blood_1636,169.5
12-46,blood_1646,117.5
12-47,blood_1648,177.5
12-48,blood_1655,244.0
12-49,blood_1664,1394.5
12-50,blood_1666,724.5
12-51,blood_1671,253.5
12-52,blood_1673,964.0
12-53,blood_1674,95.0
12-54,blood_1679,836.0
12-55,blood_1693,351.5
12-56,blood_1696,476.0
12-57,blood_1707,494.5
12-58,blood_1713,469.5
12-59,blood_1715,130.0
12-60,blood_1721,68.0
12-61,blood_1722,3034.5
12-62,blood_1724,111.5
12-63,blood_1728,143.0
12-64,blood_1729,77.0
12-65,blood_1735,86.0
12-66,blood_1736,8801.5
12-67,blood_1737,338.0
12-68,blood_1754,9345.5
12-69,blood_1755,103.0
12-70,blood_1770,540.0
12-71,blood_1792,542.5
12-72,blood_1794,56.0
12-73,blood_1795,640.5
12-74,blood_1802,267.5
12-75,blood_1809,80.0
12-76,blood_1810,693.0
12-77,blood_1811,169.5
12-78,blood_1812,1130.0
12-79,blood_1814,178.0
12-80,blood_1816,142.5
12-81,blood_1821,750.0
12-82,blood_1825,64.0
12-83,blood_1827,819.5
12-84,blood_1830,394.5
12-85,blood_1832,134.5
12-86,blood_1835,2592.5
12-87,blood_1840,1169.0
12-88,blood_1843,256.0
12-89,blood_1849,1696.5
12-90,blood_1859,80.0
12-91,blood_1863,52.0
12-92,blood_1868,64.0
12-93,blood_1874,873.5
12-94,blood_1875,1084.0
12-95,blood_1887,265.0
12-96,blood_1891,773.0
12-97,blood_1893,462.0
12-98,blood_1900,738.5
12-99,blood_1914,56.0
12-100,blood_1918,708.5
12-101,blood_1926,217.5
12-102,blood_1927,83.5
12-103,blood_1932,107.5
12-104,blood_1943,407.0
12-105,blood_1950,1030.5
12-106,blood_1959,5157.0
12-107,blood_1966,262.0
12-108,blood_1985,1926.5
12-109,blood_1986,322.0
12-110,blood_1987,2300.0
12-111,blood_1989,484.5
12-112,blood_1995,166.5
12-113,blood_1996,231.0
12-114,blood_1999,88.5
12-115,blood_2003,605.5
12-116,blood_2006,56.0
12-117,blood_2007,46.0
12-118,blood_2010,258.0
12-119,blood_2011,57.5
12-120,blood_2013,325.0
12-121,blood_2014,218.0
12-122,blood_2019,64.0
12-123,blood_2020,78.0
12-124,blood_2022,135.0
12-125,blood_2025,580.0
12-126,blood_2030,354.0
12-127,blood_2031,56.0
12-128,blood_2032,301.0
12-129,blood_2033,59.0
12-130,blood_2035,56.0
12-131,blood_2037,2110.5
12-132,blood_2038,135.0
12-133,blood_2049,148.0
12-134,blood_2051,150.0
12-135,blood_2052,222.5
12-136,blood_2053,394.5
12-137,blood_2055,641.0
12-138,blood_2057,272.0
12-139,blood_2058,165.0
12-140,blood_2063,555.0
12-141,blood_2064,129.0
12-142,blood_2067,559.0
12-143,blood_2070,52.0
12-144,blood_2075,182.5
12-145,blood_2076,129.0
12-146,blood_2078,142.0
12-147,blood_2083,3931.0
12-148,blood_2094,788.0
12-149,blood_2095,47.5
12-150,blood_2096,311.0
12-151,blood_2101,398.0
12-152,blood_2102,61.5
12-153,blood_2105,248.5
12-154,blood_2106,236.5
12-155,blood_2108,866.5
12-156,blood_2111,64.0
12-157,blood_2114,802.5
12-158,blood_2116,54.5
12-159,blood_2119,774.0
12-160,blood_2120,535.0
12-161,blood_2121,690.0
12-162,blood_2122,99.5
12-163,blood_2126,208.0
12-164,blood_2127,43.5
12-165,blood_2136,83.0
12-166,blood_2140,805.0
12-167,blood_2141,221.5
12-168,blood_2145,120.5
12-169,blood_2148,56.0
12-170,blood_2151,258.5
12-171,blood_2158,1556.0
12-172,blood_2159,334.5
12-173,blood_2161,56.0
12-174,blood_2164,171.5
12-175,blood_2165,1067.0
12-176,blood_2166,49.0
12-177,blood_2167,1978.0
12-178,blood_2168,96.5
12-179,blood_2171,308.5
12-180,blood_2173,57.0
12-181,blood_2176,687.0
12-182,blood_2182,140.5
12-183,blood_2184,224.0
12-184,blood_2185,15589.5
12-185,blood_2186,160.0
12-186,blood_2188,52.0
12-187,blood_2191,109.5
12-188,blood_2192,72.0
13-01,blood_1301,2437.5
13-02,blood_1303,402.0
13-03,blood_1304,56.0
13-04,blood_1306,4711.5
13-05,blood_1308,70.5
13-06,blood_1309,383.0
13-07,blood_1310,221.5
13-08,blood_1312,82.0
13-09,blood_1315,203.5
13-10,blood_1316,346.5
13-11,blood_1318,965.5
13-12,blood_1319,87.0
13-13,blood_1320,78.0
13-14,blood_1321,18469.0
13-15,blood_1322,548.5
13-16,blood_1324,420.5
13-17,blood_1325,177.0
13-18,blood_1326,131.0
13-19,blood_1327,75.5
13-20,blood_1333,99.5
13-21,blood_1336,64.0
13-22,blood_1337,132.0
13-23,blood_1338,864.5
13-24,blood_1343,100.0
13-25,blood_1347,63.0
13-26,blood_1356,739.0
13-27,blood_1358,8561.5
13-28,blood_1363,717.5
13-29,blood_1366,66.0
13-30,blood_1367,219.0
13-31,blood_1374,149.5
13-32,blood_1379,63.0
13-33,blood_1386,129.5
13-34,blood_1390,9445.5
13-35,blood_1395,285.0
13-36,blood_1399,218.5
13-37,blood_1404,94.5
13-38,blood_1410,78.5
13-39,blood_1412,129.0
13-40,blood_1417,906.5
13-41,blood_1422,142.5
13-42,blood_1424,321.5
13-43,blood_1430,80.5
13-44,blood_1435,261.5
13-45,blood_1440,52.0
13-46,blood_1442,56.0
13-47,blood_1443,68.0
13-48,blood_1444,787.5
13-49,blood_1448,2242.0
13-50,blood_1449,91.5
13-51,blood_1452,56.0
13-52,blood_1455,56.0
13-53,blood_1456,77.0
13-54,blood_1457,56.0
13-55,blood_1463,1492.0
13-56,blood_1464,56.0
13-57,blood_1471,721.5
13-58,blood_1475,96.5
13-59,blood_1476,56.0
13-60,blood_1478,56.0
13-61,blood_1480,64.0
13-62,blood_1483,2302.5
13-63,blood_1490,72.0
13-64,blood_1496,134.5
13-65,blood_1499,96.0
13-66,blood_1500,64.0
13-67,blood_1502,431.5
13-68,blood_1506,358.5
13-69,blood_1510,56.0
13-70,blood_1511,151.0
13-71,blood_1512,830.0
13-72,blood_1513,176.5
13-73,blood_1526,332.0
13-74,blood_1532,887.0
13-75,blood_1536,82.0
13-76,blood_1537,154.0
13-77,blood_1543,13791.0
13-78,blood_1544,1128.0
13-79,blood_1546,71.5
13-80,blood_1549,1250.0
13-81,blood_1556,468.5
13-82,blood_1559,373.5
13-83,blood_1560,201.5
13-84,blood_1570,405.5
13-85,blood_1571,159.0
13-86,blood_1583,774.0
13-87,blood_1584,1760.0
13-88,blood_1595,670.5
13-89,blood_1609,315.5
13-90,blood_1612,237.0
13-91,blood_1617,197.5
13-92,blood_1618,325.5
13-93,blood_1619,68.0
13-94,blood_1625,1033.0
13-95,blood_1627,385.5
13-96,blood_1629,348.5
13-97,blood_1630,181.5
13-98,blood_1632,187.5
13-99,blood_1633,362.0
13-100,blood_1637,119.5
13-101,blood_1638,147.0
13-102,blood_1641,553.5
13-103,blood_1643,309.0
13-104,blood_1649,669.5
13-105,blood_1651,92.0
13-106,blood_1652,474.5
13-107,blood_1659,106.0
13-108,blood_1667,129.0
13-109,blood_1668,385.0
13-110,blood_1669,479.0
13-111,blood_1687,152.0
13-112,blood_1691,1033.5
13-113,blood_1699,387.0
13-114,blood_1700,683.0
13-115,blood_1702,1635.0
13-116,blood_1710,72.0
13-117,blood_1714,256.5
13-118,blood_1716,564.5
13-119,blood_1717,575.0
13-120,blood_1727,119.0
13-121,blood_1731,932.0
13-122,blood_1732,197.0
13-123,blood_1733,117.0
13-124,blood_1738,63.0
13-125,blood_1742,52.0
13-126,blood_1744,75.5
13-127,blood_1746,245.0
13-128,blood_1747,205.5
13-129,blood_1748,49.5
13-130,blood_1749,115.5
13-131,blood_1753,160.5
13-132,blood_1756,125.5
13-133,blood_1758,226.0
13-134,blood_1760,17435.0
13-135,blood_1763,56.0
13-136,blood_1766,721.0
13-137,blood_1767,167.5
13-138,blood_1772,657.5
13-139,blood_1774,647.5
13-140,blood_1783,640.5
13-141,blood_1786,214.5
13-142,blood_1797,78.0
13-143,blood_1818,228.5
13-144,blood_1819,356.5
13-145,blood_1820,103.0
13-146,blood_1833,305.0
13-147,blood_1841,196.0
13-148,blood_1853,297.5
13-149,blood_1856,4528.0
13-150,blood_1860,76.5
13-151,blood_1861,205.0
13-152,blood_1864,68.0
13-153,blood_1871,392.0
13-154,blood_1876,166.5
13-155,blood_1881,80.0
13-156,blood_1888,70.5
13-157,blood_1895,324.0
13-158,blood_1896,145.5
13-159,blood_1898,72.0
13-160,blood_1902,53.5
13-161,blood_1903,532.0
13-162,blood_1904,266.0
13-163,blood_1905,129.0
13-164,blood_1908,178.5
13-165,blood_1909,96.5
13-166,blood_1913,70.5
13-167,blood_1919,413.0
13-168,blood_1925,303.5
13-169,blood_1928,574.0
13-170,blood_1942,56.0
13-171,blood_1953,2108.5
13-172,blood_1955,250.0
13-173,blood_1965,598.5
13-174,blood_1970,56.0
13-175,blood_1971,98.0
13-176,blood_1973,531.0
13-177,blood_1978,1383.5
13-178,blood_1981,305.0
13-179,blood_1990,811.0
13-180,blood_2001,341.5
13-181,blood_2005,72.0
13-182,blood_2015,109.0
13-183,blood_2041,305.5
13-184,blood_2047,141.0
13-185,blood_2054,659.0
13-186,blood_2085,15688.5
13-187,blood_2088,708.0
13-188,blood_2097,64.0
13-189,blood_2098,70.5
13-190,blood_2099,56.0
13-191,blood_2100,89.5
13-192,blood_2103,74.0
13-193,blood_2110,615.0
13-194,blood_2112,56.0
13-195,blood_2115,97.0
13-196,blood_2117,275.0
13-197,blood_2130,145.5
13-198,blood_2134,64.0
13-199,blood_2142,64.0
13-200,blood_2147,102.5
13-201,blood_2153,170.5
13-202,blood_2155,141.0
13-203,blood_2157,49.0
14-01,blood_1307,435.5
14-02,blood_1313,340.0
14-03,blood_1328,82.0
14-04,blood_1329,70.5
14-05,blood_1330,192.5
14-06,blood_1331,96.0
14-07,blood_1332,70.0
14-08,blood_1335,8946.0
14-09,blood_1351,70.5
14-10,blood_1353,199.0
14-11,blood_1354,84.5
14-12,blood_1362,167.0
14-13,blood_1364,143.5
14-14,blood_1368,530.0
14-15,blood_1372,68.5
14-16,blood_1373,49.0
14-17,blood_1375,82.0
14-18,blood_1377,711.0
14-19,blood_1380,257.5
14-20,blood_1384,185.0
14-21,blood_1385,56.0
14-22,blood_1391,1105.5
14-23,blood_1393,83.5
14-24,blood_1396,506.5
14-25,blood_1397,192.5
14-26,blood_1398,210.0
14-27,blood_1400,285.5
14-28,blood_1403,300.0
14-29,blood_1407,259.5
14-30,blood_1409,869.5
14-31,blood_1414,237.5
14-32,blood_1415,262.0
14-33,blood_1420,189.5
14-34,blood_1423,78.5
14-35,blood_1429,505.0
14-36,blood_1431,45.5
14-37,blood_1434,12648.0
14-38,blood_1436,145.0
14-39,blood_1437,56.0
14-40,blood_1438,134.0
14-41,blood_1450,990.5
14-42,blood_1451,5449.0
14-43,blood_1453,106.0
14-44,blood_1454,65.0
14-45,blood_1459,548.5
14-46,blood_1465,349.0
14-47,blood_1467,607.0
14-48,blood_1468,774.0
14-49,blood_1472,124.0
14-50,blood_1482,68.0
14-51,blood_1484,210.5
14-52,blood_1489,369.5
14-53,blood_1491,78.0
14-54,blood_1495,52.0
14-55,blood_1498,2051.0
14-56,blood_1503,197.5
14-57,blood_1507,195.0
14-58,blood_1508,396.5
14-59,blood_1519,56.0
14-60,blood_1524,796.5
14-61,blood_1525,1528.0
14-62,blood_1527,526.0
14-63,blood_1528,100.5
14-64,blood_1531,228.5
14-65,blood_1557,534.0
14-66,blood_1563,1018.0
14-67,blood_1577,1583.0
14-68,blood_1578,52.0
14-69,blood_1589,56.0
14-70,blood_1592,56.0
14-71,blood_1614,239.5
14-72,blood_1622,134.0
14-73,blood_1626,190.0
14-74,blood_1634,206.5
14-75,blood_1650,122.0
14-76,blood_1653,64.0
14-77,blood_1656,68.0
14-78,blood_1657,86.0
14-79,blood_1660,1590.5
14-80,blood_1670,225.5
14-81,blood_1675,64.0
14-82,blood_1676,383.0
14-83,blood_1677,11748.0
14-84,blood_1680,231.0
14-85,blood_1682,356.5
14-86,blood_1685,611.0
14-87,blood_1686,220.0
14-88,blood_1697,10427.5
14-89,blood_1706,82.0
14-90,blood_1711,66.0
14-91,blood_1725,525.5
14-92,blood_1726,112.5
14-93,blood_1739,593.5
14-94,blood_1740,481.0
14-95,blood_1761,64.5
14-96,blood_1764,199.0
14-97,blood_1768,312.0
14-98,blood_1775,1133.0
14-99,blood_1776,559.5
14-100,blood_1777,1034.5
14-101,blood_1780,560.0
14-102,blood_1784,315.0
14-103,blood_1788,88.0
14-104,blood_1793,226.0
14-105,blood_1796,96.0
14-106,blood_1798,390.0
14-107,blood_1799,189.5
14-108,blood_1805,64.0
14-109,blood_1806,375.0
14-110,blood_1822,164.0
14-111,blood_1836,68.0
14-112,blood_1842,191.5
14-113,blood_1845,208.0
14-114,blood_1862,239.5
14-115,blood_1869,345.0
14-116,blood_1877,330.5
14-117,blood_1878,1160.0
14-118,blood_1883,534.5
14-119,blood_1897,3169.5
14-120,blood_1906,1521.0
14-121,blood_1912,94.5
14-122,blood_1915,359.0
14-123,blood_1916,230.0
14-124,blood_1920,56.0
14-125,blood_1922,56.0
14-126,blood_1923,236.5
14-127,blood_1924,657.5
14-128,blood_1930,558.0
14-129,blood_1931,70.5
14-130,blood_1933,135.0
14-131,blood_1936,75.5
14-132,blood_1938,517.0
14-133,blood_1940,82.5
14-134,blood_1944,205.5
14-135,blood_1946,56.0
14-136,blood_1947,56.0
14-137,blood_1948,56.0
14-138,blood_1954,56.0
14-139,blood_1956,1452.5
14-140,blood_1960,105.5
14-141,blood_1967,570.0
14-142,blood_1974,298.0
14-143,blood_1988,558.5
14-144,blood_1991,418.0
14-145,blood_1997,93.5
14-146,blood_2002,152.5
14-147,blood_2004,156.0
14-148,blood_2016,80.0
14-149,blood_2023,202.5
14-150,blood_2024,88.5
14-151,blood_2027,161.5
14-152,blood_2036,56.0
14-153,blood_2040,49.5
14-154,blood_2042,55.0
14-155,blood_2043,116.0
14-156,blood_2044,7990.5
14-157,blood_2045,501.0
14-158,blood_2046,241.0
14-159,blood_2050,2551.5
14-160,blood_2059,56.0
14-161,blood_2061,743.5
14-162,blood_2062,168.0
14-163,blood_2065,88.0
14-164,blood_2069,702.0
14-165,blood_2072,88.0
14-166,blood_2074,249.0
14-167,blood_2081,52.0
14-168,blood_2082,252.5
14-169,blood_2089,201.0
14-170,blood_2091,286.0
14-171,blood_2104,466.0
14-172,blood_2107,128.0
14-173,blood_2113,262.5
14-174,blood_2125,605.5
14-175,blood_2128,113.5
14-176,blood_2129,269.5
14-177,blood_2131,17366.0
14-178,blood_2132,118.5
14-179,blood_2133,66.0
14-180,blood_2135,1010.0
14-181,blood_2137,64.0
14-182,blood_2138,73.5
14-183,blood_2139,206.0
14-184,blood_2143,627.0
14-185,blood_2144,275.5
14-186,blood_2146,78.5
14-187,blood_2154,156.0
14-188,blood_2160,59.5
14-189,blood_2162,666.0
14-190,blood_2163,46.0
14-191,blood_2170,732.5
14-192,blood_2174,88.5
14-193,blood_2175,313.5
14-194,blood_2177,174.0
14-195,blood_2178,94.0
14-196,blood_2179,164.0
14-197,blood_2183,56.0
14-198,blood_2189,144.0
14-199,blood_2190,92.0
15-01,blood_1298,72.0
15-02,blood_1299,1283.0
15-03,blood_1300,115.5
15-04,blood_1302,568.0
15-05,blood_1305,402.0
15-06,blood_1311,1112.0
15-07,blood_1314,10975.5
15-08,blood_1317,116.0
15-09,blood_1323,713.5
15-10,blood_1334,1227.0
15-11,blood_1339,56.0
15-12,blood_1344,3439.0
15-13,blood_1345,291.5
15-14,blood_1346,390.5
15-15,blood_1350,747.5
15-16,blood_1355,636.5
15-17,blood_1357,148.5
15-18,blood_1359,149.5
15-19,blood_1365,101.0
15-20,blood_1369,118.5
15-21,blood_1370,1421.0
15-22,blood_1376,450.0
15-23,blood_1378,56.0
15-24,blood_1381,92.5
15-25,blood_1387,1014.5
15-26,blood_1388,89.5
15-27,blood_1392,252.5
15-28,blood_1394,252.0
15-29,blood_1402,608.0
15-30,blood_1405,190.0
15-31,blood_1406,98.0
15-32,blood_1411,170.5
15-33,blood_1418,77.0
15-34,blood_1428,422.5
15-35,blood_1432,144.5
15-36,blood_1439,73.0
15-37,blood_1446,314.0
15-38,blood_1447,288.5
15-39,blood_1458,131.0
15-40,blood_1469,7392.0
15-41,blood_1473,56.0
15-42,blood_1474,257.5
15-43,blood_1485,123.0
15-44,blood_1488,136.0
15-45,blood_1497,133.5
15-46,blood_1514,681.5
15-47,blood_1520,325.0
15-48,blood_1529,1246.5
15-49,blood_1538,97.5
15-50,blood_1540,112.0
15-51,blood_1541,288.5
15-52,blood_1545,56.0
15-53,blood_1547,120.0
15-54,blood_1550,233.0
15-55,blood_1551,569.5
15-56,blood_1552,2039.5
15-57,blood_1553,762.0
15-58,blood_1554,56.0
15-59,blood_1561,398.0
15-60,blood_1564,573.5
15-61,blood_1566,218.0
15-62,blood_1572,486.5
15-63,blood_1574,68.0
15-64,blood_1576,4476.5
15-65,blood_1579,312.0
15-66,blood_1586,186.5
15-67,blood_1590,139.0
15-68,blood_1593,65.5
15-69,blood_1594,258.0
15-70,blood_1596,49.0
15-71,blood_1604,361.5
15-72,blood_1608,224.0
15-73,blood_1610,758.5
15-74,blood_1642,324.0
15-75,blood_1661,179.0
15-76,blood_1662,108.0
15-77,blood_1678,561.0
15-78,blood_1681,1176.0
15-79,blood_1689,197.0
15-80,blood_1690,56.0
15-81,blood_1694,1145.0
15-82,blood_1698,231.0
15-83,blood_1703,332.0
15-84,blood_1705,221.0
15-85,blood_1708,371.0
15-86,blood_1712,185.0
15-87,blood_1718,474.0
15-88,blood_1719,278.0
15-89,blood_1720,46.0
15-90,blood_1723,64.0
15-91,blood_1743,314.5
15-92,blood_1745,595.5
15-93,blood_1750,280.0
15-94,blood_1751,2090.5
15-95,blood_1752,477.5
15-96,blood_1757,144.0
15-97,blood_1759,64.0
15-98,blood_1762,217.0
15-99,blood_1779,250.5
15-100,blood_1781,192.0
15-101,blood_1782,199.5
15-102,blood_1787,70.5
15-103,blood_1790,1086.0
15-104,blood_1801,306.5
15-105,blood_1813,421.0
15-106,blood_1815,596.5
15-107,blood_1823,55.0
15-108,blood_1837,6792.5
15-109,blood_1844,89.5
15-110,blood_1850,661.5
15-111,blood_1857,71.0
15-112,blood_1858,73.5
15-113,blood_1866,143.5
15-114,blood_1882,4653.0
15-115,blood_1889,372.5
15-116,blood_1910,7263.0
15-117,blood_1911,70.5
15-118,blood_1917,77.0
15-119,blood_1934,52.0
15-120,blood_1937,204.0
15-121,blood_1939,49.0
15-122,blood_1945,249.0
15-123,blood_1949,252.5
15-124,blood_1958,334.0
15-125,blood_1962,56.0
15-126,blood_1969,53.0
15-127,blood_1972,96.0
15-128,blood_1979,104.0
15-129,blood_1982,4632.0
15-130,blood_1983,1656.5
15-131,blood_1993,281.0
15-132,blood_2000,94.0
15-133,blood_2008,847.5
15-134,blood_2028,93.5
15-135,blood_2068,72.0
15-136,blood_2071,190.0
15-137,blood_2073,126.5
15-138,blood_2077,348.5
15-139,blood_2079,306.5
15-140,blood_2086,197.5
15-141,blood_2092,110.5
15-142,blood_2093,96.0
15-143,blood_2123,2167.5
16-01,blood_2800,34989.0
16-02,blood_2828,98.0
16-03,blood_2831,75.5
16-04,blood_2832,241.5
16-05,blood_2833,64.0
16-06,blood_2835,2455.0
16-07,blood_2836,208.5
16-08,blood_2864,2970.5
16-09,blood_2867,64.0
16-10,blood_2878,119.0
16-11,blood_2880,1319.0
16-12,blood_2882,537.5
16-13,blood_2888,48.0
16-14,blood_2889,1726.0
16-15,blood_2891,2358.0
16-16,blood_2893,1181.5
16-17,blood_2898,943.5
16-18,blood_2901,825.0
16-19,blood_2903,88.0
16-20,blood_2905,136.0
16-21,blood_2916,56.0
16-22,blood_2917,543.5
16-23,blood_2918,95.5
16-24,blood_2919,65.0
16-25,blood_2921,102.5
16-26,blood_2924,463.0
16-27,blood_2927,56.0
16-28,blood_2929,56.0
16-29,blood_2930,70.5
16-30,blood_2931,5226.5
16-31,blood_2937,352.0
16-32,blood_2943,192.0
16-33,blood_2945,757.0
16-34,blood_2948,124.0
16-35,blood_2952,493.0
16-36,blood_2953,514.5
16-37,blood_2955,68.0
16-38,blood_2958,1874.0
16-39,blood_2959,922.5
16-40,blood_2966,218.0
16-41,blood_2968,417.5
16-42,blood_2980,90.5
16-43,blood_2983,214.0
16-44,blood_2984,2258.0
16-45,blood_2985,226.5
16-46,blood_2997,56.0
16-47,blood_3000,42.0
16-48,blood_3001,282.0
16-49,blood_3002,183.5
16-50,blood_3003,187.0
16-51,blood_3004,2926.0
16-52,blood_3005,45.5
16-53,blood_3006,56.0
16-54,blood_3007,1229.5
16-55,blood_3008,1410.0
16-56,blood_3009,100.0
16-57,blood_3010,174.5
16-58,blood_3013,2006.0
16-59,blood_3015,89.5
16-60,blood_3016,129.5
16-61,blood_3017,56.0
16-62,blood_3019,60.0
16-63,blood_3020,436.0
16-64,blood_3022,259.0
16-65,blood_3023,59.5
16-66,blood_3037,95.0
16-67,blood_3044,1459.0
16-68,blood_3045,345.0
16-69,blood_3047,1257.5
16-70,blood_3048,64.0
16-71,blood_3049,166.5
16-72,blood_3051,42.0
16-73,blood_3052,158.5
16-74,blood_3053,49.0
16-75,blood_3054,848.0
16-76,blood_3055,1626.5
16-77,blood_3057,1768.5
16-78,blood_3061,126.0
16-79,blood_3062,3712.5
16-80,blood_3064,253.5
16-81,blood_3065,5238.0
16-82,blood_3066,56.0
16-83,blood_3068,136.5
16-84,blood_3069,142.0
16-85,blood_3071,96.5
16-86,blood_3075,499.0
16-87,blood_3076,148.5
16-88,blood_3077,123.0
16-89,blood_3078,91.0
16-90,blood_3080,109.0
16-91,blood_3081,67.5
16-92,blood_3082,467.0
16-93,blood_3084,2902.0
16-94,blood_3085,587.5
16-95,blood_3089,57.0
16-96,blood_3090,27857.0
16-97,blood_3091,168.5
16-98,blood_3092,56.0
16-99,blood_3094,80.0
16-100,blood_3097,309.5
16-101,blood_3098,179.0
16-102,blood_3101,55.0
16-103,blood_3102,146.0
16-104,blood_3104,200.0
16-105,blood_3105,107.5
16-106,blood_3106,89.0
16-107,blood_3108,97.0
16-108,blood_3110,72.0
16-109,blood_3111,746.0
16-110,blood_3112,12834.5
16-111,blood_3113,94.0
16-112,blood_3115,89.0
16-113,blood_3116,197.0
16-114,blood_3118,284.5
16-115,blood_3121,602.0
16-116,blood_3124,481.5
16-117,blood_3126,461.5
16-118,blood_3128,316.0
16-119,blood_3130,117.5
16-120,blood_3131,56.0
16-121,blood_3132,979.0
16-122,blood_3133,49.0
16-123,blood_3134,71.0
16-124,blood_3137,116.5
16-125,blood_3138,186.0
16-126,blood_3140,119.5
16-127,blood_3141,430.5
16-128,blood_3144,1901.5
16-129,blood_3146,49.0
16-130,blood_3147,1935.0
16-131,blood_3148,78.0
16-132,blood_3150,56.0
16-133,blood_3151,824.5
16-134,blood_3153,4304.0
16-135,blood_3154,1632.0
16-136,blood_3156,1816.5
16-137,blood_3157,55.0
16-138,blood_3158,147.0
16-139,blood_3159,82.0
16-140,blood_3160,64.0
16-141,blood_3161,397.5
16-142,blood_3162,1582.0
16-143,blood_3163,11621.0
16-144,blood_3164,207.5
16-145,blood_3165,1414.0
16-146,blood_3166,2355.5
16-147,blood_3167,97.5
16-148,blood_3168,262.0
16-149,blood_3169,436.0
16-150,blood_3170,857.5
16-151,blood_3171,64.0
16-152,blood_3172,380.5
16-153,blood_3173,206.0
16-154,blood_3174,432.0
16-155,blood_3175,100.0
16-156,blood_3176,98.0
16-157,blood_3177,2632.0
16-158,blood_3178,373.0
16-159,blood_3179,5099.0
16-160,blood_3180,111.0
16-161,blood_3181,603.0
16-162,blood_3182,2448.0
16-163,blood_3183,64.0
16-164,blood_3184,80.0
16-165,blood_3185,165.0
16-166,blood_3186,106.5
17-01,blood_2689,56.0
17-02,blood_2690,461.5
17-03,blood_2696,460.5
17-04,blood_2698,129.0
17-05,blood_2705,1439.5
17-06,blood_2711,68.0
17-07,blood_2712,248.5
17-08,blood_2713,3513.0
17-09,blood_2714,137.5
17-10,blood_2716,142.5
17-11,blood_2718,122.0
17-12,blood_2728,113.5
17-13,blood_2729,88.0
17-14,blood_2734,173.0
17-15,blood_2744,70.5
17-16,blood_2749,4177.0
17-17,blood_2753,174.5
17-18,blood_2760,347.0
17-19,blood_2765,78.0
17-20,blood_2769,359.5
17-21,blood_2772,72.0
17-22,blood_2773,155.5
17-23,blood_2775,112.0
17-24,blood_2778,1780.0
17-25,blood_2779,1450.0
17-26,blood_2788,807.0
17-27,blood_2792,5790.0
17-28,blood_2798,167.0
17-29,blood_2802,506.0
17-30,blood_2810,385.0
17-31,blood_2819,56.0
17-32,blood_2830,3601.0
17-33,blood_2834,210.5
17-34,blood_2838,148.0
17-35,blood_2839,1313.0
17-36,blood_2840,213.0
17-37,blood_2841,2908.0
17-38,blood_2842,80.0
17-39,blood_2844,334.5
17-40,blood_2845,275.5
17-41,blood_2846,636.5
17-42,blood_2848,1651.5
17-43,blood_2849,422.5
17-44,blood_2850,383.0
17-45,blood_2851,131.0
17-46,blood_2853,1084.0
17-47,blood_2855,191.5
17-48,blood_2856,1565.0
17-49,blood_2857,86.0
17-50,blood_2858,581.5
17-51,blood_2859,295.5
17-52,blood_2860,84.5
17-53,blood_2862,66.0
17-54,blood_2863,4623.5
17-55,blood_2865,216.5
17-56,blood_2866,56.0
17-57,blood_2868,49.0
17-58,blood_2870,313.5
17-59,blood_2872,246.5
17-60,blood_2873,737.0
17-61,blood_2874,606.5
17-62,blood_2875,434.5
17-63,blood_2876,85.5
17-64,blood_2877,59.0
17-65,blood_2879,68.0
17-66,blood_2881,2123.0
17-67,blood_2883,180.5
17-68,blood_2884,142.0
17-69,blood_2885,637.0
17-70,blood_2887,56.0
17-71,blood_2892,956.5
17-72,blood_2896,348.5
17-73,blood_2897,143.5
17-74,blood_2899,145.5
17-75,blood_2900,334.5
17-76,blood_2902,11323.5
17-77,blood_2904,64.0
17-78,blood_2906,263.5
17-79,blood_2907,112.5
17-80,blood_2908,71.0
17-81,blood_2909,1576.0
17-82,blood_2910,1078.0
17-83,blood_2911,56.0
17-84,blood_2912,396.5
17-85,blood_2913,501.0
17-86,blood_2914,1702.5
17-87,blood_2915,217.5
17-88,blood_2920,901.0
17-89,blood_2922,66.0
17-90,blood_2923,1046.0
17-91,blood_2925,1379.0
17-92,blood_2926,318.5
17-93,blood_2928,64.0
17-94,blood_2932,649.5
17-95,blood_2933,192.0
17-96,blood_2934,3216.0
17-97,blood_2935,590.5
17-98,blood_2936,3517.0
17-99,blood_2938,104.0
17-100,blood_2939,119.5
17-101,blood_2940,80.0
17-102,blood_2941,64.0
17-103,blood_2942,119.0
17-104,blood_2944,387.0
17-105,blood_2946,173.5
17-106,blood_2947,1239.0
17-107,blood_2949,323.5
17-108,blood_2950,118.0
17-109,blood_2951,1601.0
17-110,blood_2954,1620.0
17-111,blood_2956,1093.5
17-112,blood_2957,631.5
17-113,blood_2960,389.0
17-114,blood_2961,123.0
17-115,blood_2962,78.0
17-116,blood_2963,453.5
17-117,blood_2964,49.5
17-118,blood_2965,257.5
17-119,blood_2967,384.0
17-120,blood_2969,192.0
17-121,blood_2970,95.5
17-122,blood_2971,42.5
17-123,blood_2972,91.5
17-124,blood_2973,56.0
17-125,blood_2974,59.0
17-126,blood_2975,83.0
17-127,blood_2976,88.0
17-128,blood_2977,192.0
17-129,blood_2978,117.5
17-130,blood_2979,78.0
17-131,blood_2981,193.5
17-132,blood_2982,75.5
17-133,blood_2986,450.0
17-134,blood_2987,215.5
17-135,blood_2988,52.0
17-136,blood_2989,73.5
17-137,blood_2990,2911.0
17-138,blood_2991,79.5
17-139,blood_2992,64.0
17-140,blood_2993,139.5
17-141,blood_2994,473.0
17-142,blood_2995,80.0
17-143,blood_2996,484.0
17-144,blood_2998,116.0
17-145,blood_2999,61.5
17-146,blood_3011,56.0
17-147,blood_3012,291.0
17-148,blood_3014,141.0
17-149,blood_3018,44.0
17-150,blood_3021,530.5
17-151,blood_3024,93.5
17-152,blood_3025,310.0
17-153,blood_3026,253.5
17-154,blood_3027,1184.5
17-155,blood_3028,652.0
17-156,blood_3029,223.5
17-157,blood_3030,246.5
17-158,blood_3031,125.0
17-159,blood_3032,539.5
17-160,blood_3033,194.5
17-161,blood_3034,210.0
17-162,blood_3035,1205.5
17-163,blood_3036,171.5
17-164,blood_3038,113.5
17-165,blood_3039,4069.0
17-166,blood_3040,538.5
17-167,blood_3041,335.0
17-168,blood_3042,728.5
17-169,blood_3043,88.5
17-170,blood_3046,1954.5
17-171,blood_3050,145.0
17-172,blood_3056,534.0
17-173,blood_3058,515.0
17-174,blood_3059,124.0
17-175,blood_3060,64.0
17-176,blood_3063,10812.5
17-177,blood_3067,56.0
17-178,blood_3070,4310.0
17-179,blood_3072,1617.0
17-180,blood_3073,56.0
17-181,blood_3074,77.0
17-182,blood_3079,140.0
17-183,blood_3083,159.5
17-184,blood_3086,108.5
17-185,blood_3087,145.5
17-186,blood_3088,78.0
17-187,blood_3093,144.0
17-188,blood_3095,52.0
17-189,blood_3096,1325.5
17-190,blood_3099,56.0
17-191,blood_3100,338.0
17-192,blood_3103,56.0
17-193,blood_3107,113.5
17-194,blood_3109,121.0
17-195,blood_3114,1116.0
17-196,blood_3117,64.0
17-197,blood_3119,104.5
17-198,blood_3120,344.0
17-199,blood_3122,7540.5
17-200,blood_3123,60.0
17-201,blood_3125,496.5
17-202,blood_3127,1006.0
17-203,blood_3129,232.5
17-204,blood_3135,104.0
17-205,blood_3136,64.0
17-206,blood_3139,681.0
17-207,blood_3142,292.0
17-208,blood_3143,482.0
17-209,blood_3145,970.5
17-210,blood_3149,90.0
17-211,blood_3152,403.5
17-212,blood_3155,88.0
18-01,blood_2276,112.0
18-02,blood_2279,56.0
18-03,blood_2303,97.0
18-04,blood_2313,1861.5
18-05,blood_2317,979.5
18-06,blood_2328,70.5
18-07,blood_2330,959.0
18-08,blood_2349,1140.5
18-09,blood_2353,56.0
18-10,blood_2359,1127.0
18-11,blood_2360,503.0
18-12,blood_2373,88.5
18-13,blood_2376,157.0
18-14,blood_2378,4312.5
18-15,blood_2379,441.0
18-16,blood_2380,413.0
18-17,blood_2381,227.0
18-18,blood_2383,56.0
18-19,blood_2386,80.0
18-20,blood_2389,153.5
18-21,blood_2395,4611.0
18-22,blood_2398,1015.0
18-23,blood_2399,115.0
18-24,blood_2401,300.0
18-25,blood_2403,81.0
18-26,blood_2408,122.5
18-27,blood_2411,56.0
18-28,blood_2416,101.0
18-29,blood_2421,125.0
18-30,blood_2424,124.0
18-31,blood_2428,461.5
18-32,blood_2430,130.5
18-33,blood_2433,210.0
18-34,blood_2436,161.5
18-35,blood_2443,767.5
18-36,blood_2444,177.5
18-37,blood_2445,64.0
18-38,blood_2449,240.0
18-39,blood_2450,93.5
18-40,blood_2458,357.5
18-41,blood_2459,134.5
18-42,blood_2461,220.5
18-43,blood_2464,261.5
18-44,blood_2468,96.0
18-45,blood_2470,3195.0
18-46,blood_2474,94.0
18-47,blood_2481,251.0
18-48,blood_2482,534.0
18-49,blood_2485,80.0
18-50,blood_2486,56.0
18-51,blood_2488,734.5
18-52,blood_2493,77.0
18-53,blood_2495,763.5
18-54,blood_2496,531.0
18-55,blood_2497,4463.0
18-56,blood_2500,1780.0
18-57,blood_2510,78.0
18-58,blood_2513,2668.5
18-59,blood_2514,399.0
18-60,blood_2525,2084.5
18-61,blood_2535,779.5
18-62,blood_2539,133.0
18-63,blood_2541,461.5
18-64,blood_2543,933.5
18-65,blood_2546,862.0
18-66,blood_2558,185.0
18-67,blood_2559,104.0
18-68,blood_2567,925.0
18-69,blood_2569,129.5
18-70,blood_2571,189.5
18-71,blood_2578,143.0
18-72,blood_2588,643.0
18-73,blood_2595,173.5
18-74,blood_2598,56.0
18-75,blood_2599,235.0
18-76,blood_2603,121.0
18-77,blood_2604,4456.0
18-78,blood_2608,213.0
18-79,blood_2613,296.0
18-80,blood_2615,2279.0
18-81,blood_2616,398.5
18-82,blood_2619,326.0
18-83,blood_2620,56.0
18-84,blood_2621,53.0
18-85,blood_2622,174.0
18-86,blood_2624,730.0
18-87,blood_2626,140.5
18-88,blood_2628,318.5
18-89,blood_2630,75.5
18-90,blood_2632,131.5
18-91,blood_2633,85.5
18-92,blood_2635,75.5
18-93,blood_2636,68.0
18-94,blood_2637,865.5
18-95,blood_2638,467.5
18-96,blood_2639,349.5
18-97,blood_2641,314.0
18-98,blood_2642,485.0
18-99,blood_2643,1216.5
18-100,blood_2644,434.0
18-101,blood_2645,108.0
18-102,blood_2646,88.0
18-103,blood_2647,64.0
18-104,blood_2648,139.0
18-105,blood_2649,74.5
18-106,blood_2650,56.0
18-107,blood_2651,537.0
18-108,blood_2653,104.5
18-109,blood_2659,556.5
18-110,blood_2660,613.0
18-111,blood_2662,56.0
18-112,blood_2663,285.5
18-113,blood_2664,219.0
18-114,blood_2665,202.0
18-115,blood_2671,155.0
18-116,blood_2672,457.5
18-117,blood_2674,4131.0
18-118,blood_2675,267.5
18-119,blood_2676,101.5
18-120,blood_2677,645.5
18-121,blood_2679,718.0
18-122,blood_2681,14121.5
18-123,blood_2682,581.0
18-124,blood_2686,386.5
18-125,blood_2700,406.5
18-126,blood_2701,3195.5
18-127,blood_2704,205.0
18-128,blood_2706,95.0
18-129,blood_2721,514.0
18-130,blood_2722,64.0
18-131,blood_2723,610.0
18-132,blood_2730,691.0
18-133,blood_2731,1917.0
18-134,blood_2737,282.5
18-135,blood_2738,68.0
18-136,blood_2739,56.0
18-137,blood_2740,1786.0
18-138,blood_2742,606.5
18-139,blood_2743,49.0
18-140,blood_2745,56.0
18-141,blood_2746,721.0
18-142,blood_2747,50.5
18-143,blood_2748,4426.0
18-144,blood_2750,1997.0
18-145,blood_2754,520.0
18-146,blood_2755,1045.0
18-147,blood_2757,459.5
18-148,blood_2758,698.5
18-149,blood_2762,77.0
18-150,blood_2763,72.0
18-151,blood_2766,251.5
18-152,blood_2767,56.0
18-153,blood_2768,680.5
18-154,blood_2770,2497.0
18-155,blood_2771,169.5
18-156,blood_2776,750.5
18-157,blood_2777,93.0
18-158,blood_2780,569.0
18-159,blood_2784,56.0
18-160,blood_2785,366.0
18-161,blood_2786,549.0
18-162,blood_2787,188.0
18-163,blood_2790,311.5
18-164,blood_2791,124.0
18-165,blood_2793,45.0
18-166,blood_2796,865.5
18-167,blood_2801,127.0
18-168,blood_2806,465.0
18-169,blood_2811,582.5
18-170,blood_2812,56.0
18-171,blood_2815,1042.0
18-172,blood_2816,160.0
18-173,blood_2817,88.0
18-174,blood_2818,56.0
18-175,blood_2820,222.5
18-176,blood_2821,934.0
18-177,blood_2822,52.0
18-178,blood_2824,46.0
18-179,blood_2825,836.5
18-180,blood_2826,56.0
18-181,blood_2829,55.0
18-182,blood_2837,300.5
19-01,blood_2193,258.5
19-02,blood_2194,895.5
19-03,blood_2195,106.5
19-04,blood_2196,116.5
19-05,blood_2197,332.0
19-06,blood_2198,108.5
19-07,blood_2199,869.0
19-08,blood_2200,10662.5
19-09,blood_2201,72.0
19-10,blood_2202,56.0
19-11,blood_2203,221.0
19-12,blood_2204,728.0
19-13,blood_2205,92.0
19-14,blood_2206,96.5
19-15,blood_2207,86.5
19-16,blood_2208,88.0
19-17,blood_2209,8094.0
19-18,blood_2210,190.5
19-19,blood_2211,306.5
19-20,blood_2212,60.0
19-21,blood_2213,799.5
19-22,blood_2214,84.0
19-23,blood_2215,1145.0
19-24,blood_2216,109.0
19-25,blood_2217,597.5
19-26,blood_2218,75.5
19-27,blood_2219,642.0
19-28,blood_2220,70.5
19-29,blood_2221,64.0
19-30,blood_2222,129.5
19-31,blood_2223,70.5
19-32,blood_2224,59.0
19-33,blood_2225,5726.5
19-34,blood_2226,156.0
19-35,blood_2227,1268.0
19-36,blood_2228,91.0
19-37,blood_2229,4560.5
19-38,blood_2230,56.0
19-39,blood_2231,130.0
19-40,blood_2232,56.0
19-41,blood_2233,162.5
19-42,blood_2234,47.5
19-43,blood_2235,304.5
19-44,blood_2236,140.0
19-45,blood_2237,318.0
19-46,blood_2238,800.0
19-47,blood_2239,1246.0
19-48,blood_2240,56.0
19-49,blood_2241,1438.5
19-50,blood_2242,64.0
19-51,blood_2243,128.0
19-52,blood_2244,50.0
19-53,blood_2245,755.0
19-54,blood_2246,1679.5
19-55,blood_2247,351.0
19-56,blood_2248,391.5
19-57,blood_2249,1118.0
19-58,blood_2250,145.0
19-59,blood_2251,182.5
19-60,blood_2252,513.5
19-61,blood_2253,351.0
19-62,blood_2254,137.0
19-63,blood_2255,1104.0
19-64,blood_2256,192.0
19-65,blood_2257,148.0
19-66,blood_2258,56.0
19-67,blood_2259,393.5
19-68,blood_2260,128.0
19-69,blood_2261,444.5
19-70,blood_2262,121.0
19-71,blood_2263,119.5
19-72,blood_2264,389.5
19-73,blood_2265,403.0
19-74,blood_2266,1049.0
19-75,blood_2267,318.5
19-76,blood_2268,13688.0
19-77,blood_2269,445.0
19-78,blood_2270,1886.5
19-79,blood_2271,2007.0
19-80,blood_2272,1670.5
19-81,blood_2273,287.0
19-82,blood_2274,11245.5
19-83,blood_2275,117.0
19-84,blood_2277,75.5
19-85,blood_2278,80.0
19-86,blood_2280,56.0
19-87,blood_2281,2679.5
19-88,blood_2282,162.0
19-89,blood_2283,123.5
19-90,blood_2284,794.5
19-91,blood_2285,103.0
19-92,blood_2286,369.5
19-93,blood_2287,64.0
19-94,blood_2288,77.5
19-95,blood_2289,49.0
19-96,blood_2290,73.5
19-97,blood_2291,760.5
19-98,blood_2292,2737.5
19-99,blood_2293,117.5
19-100,blood_2294,93.5
19-101,blood_2295,126.0
19-102,blood_2296,797.0
19-103,blood_2297,79.5
19-104,blood_2298,1371.0
19-105,blood_2299,533.0
19-106,blood_2300,95.5
19-107,blood_2301,832.0
19-108,blood_2302,734.0
19-109,blood_2304,64.0
19-110,blood_2305,192.0
19-111,blood_2306,1400.5
19-112,blood_2307,564.5
19-113,blood_2308,174.5
19-114,blood_2309,125.0
19-115,blood_2310,646.0
19-116,blood_2311,442.5
19-117,blood_2312,298.5
19-118,blood_2314,730.0
19-119,blood_2315,494.0
19-120,blood_2316,5003.5
19-121,blood_2318,88.5
19-122,blood_2319,151.0
19-123,blood_2320,143.0
19-124,blood_2321,710.5
19-125,blood_2322,101.0
19-126,blood_2323,56.0
19-127,blood_2324,59.5
19-128,blood_2325,105.0
19-129,blood_2326,234.5
19-130,blood_2327,70.5
19-131,blood_2331,63.0
19-132,blood_2332,79.5
19-133,blood_2333,332.5
19-134,blood_2334,183.0
19-135,blood_2335,238.5
19-136,blood_2336,73.0
19-137,blood_2337,112.0
19-138,blood_2338,75.0
19-139,blood_2339,98.0
19-140,blood_2340,1625.0
19-141,blood_2342,56.0
19-142,blood_2343,254.0
19-143,blood_2344,608.5
19-144,blood_2345,105.5
19-145,blood_2346,74.5
19-146,blood_2347,1324.0
19-147,blood_2348,130.0
19-148,blood_2351,135.5
19-149,blood_2352,332.0
19-150,blood_2354,54.0
19-151,blood_2355,56.0
19-152,blood_2356,300.5
19-153,blood_2357,666.0
19-154,blood_2358,313.0
19-155,blood_2361,3673.5
19-156,blood_2362,432.0
19-157,blood_2363,679.5
19-158,blood_2364,429.5
19-159,blood_2367,430.5
19-160,blood_2368,612.5
19-161,blood_2371,1072.0
19-162,blood_2372,73.5
19-163,blood_2374,162.0
19-164,blood_2377,53.5
19-165,blood_2382,70.5
19-166,blood_2384,609.0
19-167,blood_2385,362.0
19-168,blood_2387,4300.0
19-169,blood_2388,79.5
19-170,blood_2390,229.0
19-171,blood_2391,220.5
19-172,blood_2392,91.5
19-173,blood_2393,155.5
19-174,blood_2396,260.0
19-175,blood_2397,92.0
19-176,blood_2400,56.0
19-177,blood_2402,137.5
19-178,blood_2405,925.5
19-179,blood_2406,70.5
19-180,blood_2409,635.5
19-181,blood_2413,327.0
19-182,blood_2415,186.0
19-183,blood_2417,1439.0
19-184,blood_2420,186.5
19-185,blood_2422,386.5
19-186,blood_2425,994.0
19-187,blood_2427,456.0
19-188,blood_2431,539.5
19-189,blood_2432,218.5
19-190,blood_2440,1066.5
19-191,blood_2441,163.0
19-192,blood_2446,99.5
19-193,blood_2447,187.0
19-194,blood_2448,238.5
19-195,blood_2453,206.0
19-196,blood_2455,328.5
19-197,blood_2457,257.0
19-198,blood_2462,119.0
19-199,blood_2463,228.5
19-200,blood_2466,595.0
19-201,blood_2467,657.5
19-202,blood_2469,56.0
19-203,blood_2472,56.0
19-204,blood_2475,105.0
19-205,blood_2476,643.0
19-206,blood_2477,88.0
19-207,blood_2478,1447.5
19-208,blood_2480,73.0
19-209,blood_2483,96.0
19-210,blood_2487,236.0
19-211,blood_2489,56.0
19-212,blood_2491,56.0
19-213,blood_2494,263.5
19-214,blood_2498,68.5
19-215,blood_2499,1829.5
19-216,blood_2505,148.0
19-217,blood_2508,77.0
19-218,blood_2509,183.5
19-219,blood_2515,680.5
19-220,blood_2523,112.5
19-221,blood_2524,61.5
19-222,blood_2526,56.0
19-223,blood_2527,78.0
19-224,blood_2529,789.5
19-225,blood_2531,3004.0
19-226,blood_2534,56.5
19-227,blood_2536,230.5
19-228,blood_2540,581.0
19-229,blood_2552,1921.0
19-230,blood_2555,241.5
19-231,blood_2560,71.0
19-232,blood_2570,223.0
19-233,blood_2572,206.5
19-234,blood_2575,1721.5
19-235,blood_2583,2344.0
19-236,blood_2584,179.0
19-237,blood_2596,204.5
19-238,blood_2600,56.0
19-239,blood_2610,538.0
19-240,blood_2668,650.5
19-241,blood_2669,380.0
19-242,blood_2670,218.0
20-01,blood_2329,95.5
20-02,blood_2341,285.0
20-03,blood_2350,164.0
20-04,blood_2365,1083.5
20-05,blood_2366,1321.5
20-06,blood_2369,473.0
20-07,blood_2370,257.5
20-08,blood_2375,351.0
20-09,blood_2394,814.5
20-10,blood_2404,56.0
20-11,blood_2407,387.5
20-12,blood_2410,74.0
20-13,blood_2412,56.0
20-14,blood_2414,479.5
20-15,blood_2418,1134.0
20-16,blood_2419,632.0
20-17,blood_2423,103.0
20-18,blood_2426,386.0
20-19,blood_2429,81.0
20-20,blood_2434,378.5
20-21,blood_2435,84.5
20-22,blood_2437,77.0
20-23,blood_2438,1019.0
20-24,blood_2439,450.5
20-25,blood_2442,7473.0
20-26,blood_2451,56.0
20-27,blood_2452,2800.5
20-28,blood_2454,910.5
20-29,blood_2456,1592.5
20-30,blood_2460,173.0
20-31,blood_2465,56.0
20-32,blood_2471,79.5
20-33,blood_2473,838.5
20-34,blood_2479,1243.0
20-35,blood_2484,91.5
20-36,blood_2490,1118.0
20-37,blood_2492,706.5
20-38,blood_2501,138.5
20-39,blood_2502,800.5
20-40,blood_2503,903.0
20-41,blood_2504,56.0
20-42,blood_2506,219.0
20-43,blood_2507,1659.5
20-44,blood_2511,98.0
20-45,blood_2512,8471.5
20-46,blood_2516,400.5
20-47,blood_2517,243.0
20-48,blood_2518,92.0
20-49,blood_2519,56.0
20-50,blood_2520,168.5
20-51,blood_2521,783.5
20-52,blood_2522,294.5
20-53,blood_2528,266.0
20-54,blood_2530,463.0
20-55,blood_2532,368.5
20-56,blood_2533,1497.5
20-57,blood_2537,94.0
20-58,blood_2538,1728.0
20-59,blood_2542,707.5
20-60,blood_2544,74.0
20-61,blood_2545,1242.0
20-62,blood_2547,87.0
20-63,blood_2548,374.5
20-64,blood_2549,217.5
20-65,blood_2550,229.5
20-66,blood_2551,70.5
20-67,blood_2553,1654.0
20-68,blood_2554,215.0
20-69,blood_2556,1051.5
20-70,blood_2557,72.0
20-71,blood_2561,68.0
20-72,blood_2562,4833.0
20-73,blood_2563,92.0
20-74,blood_2564,118.0
20-75,blood_2565,88.5
20-76,blood_2566,209.0
20-77,blood_2568,198.5
20-78,blood_2573,77.0
20-79,blood_2574,56.0
20-80,blood_2576,104.0
20-81,blood_2577,127.0
20-82,blood_2579,2609.5
20-83,blood_2580,59.5
20-84,blood_2581,183.0
20-85,blood_2582,3813.5
20-86,blood_2585,294.5
20-87,blood_2586,75.5
20-88,blood_2587,162.5
20-89,blood_2589,101.0
20-90,blood_2590,172.5
20-91,blood_2591,878.5
20-92,blood_2592,68.0
20-93,blood_2593,88.0
20-94,blood_2594,1669.5
20-95,blood_2597,56.0
20-96,blood_2601,91.5
20-97,blood_2602,64.0
20-98,blood_2605,299.5
20-99,blood_2606,82.0
20-100,blood_2607,75.5
20-101,blood_2609,222.0
20-102,blood_2611,346.5
20-103,blood_2612,74.5
20-104,blood_2614,68.5
20-105,blood_2617,193.0
20-106,blood_2618,101.5
20-107,blood_2623,247.5
20-108,blood_2625,106.0
20-109,blood_2627,767.0
20-110,blood_2629,82.0
20-111,blood_2631,84.5
20-112,blood_2634,399.0
20-113,blood_2640,2772.5
20-114,blood_2652,253.0
20-115,blood_2654,134.0
20-116,blood_2655,242.0
20-117,blood_2656,114.0
20-118,blood_2657,518.0
20-119,blood_2658,1525.5
20-120,blood_2661,98.5
20-121,blood_2666,132.0
20-122,blood_2667,56.0
20-123,blood_2673,904.5
20-124,blood_2678,20297.0
20-125,blood_2680,222.5
20-126,blood_2683,107.5
20-127,blood_2684,197.5
20-128,blood_2685,639.5
20-129,blood_2687,45.5
20-130,blood_2688,567.0
20-131,blood_2691,168.0
20-132,blood_2692,180.5
20-133,blood_2693,307.0
20-134,blood_2694,102.0
20-135,blood_2695,103.0
20-136,blood_2697,305.5
20-137,blood_2699,478.0
20-138,blood_2702,155.0
20-139,blood_2703,46.0
20-140,blood_2707,197.0
20-141,blood_2708,44.0
20-142,blood_2709,391.0
20-143,blood_2710,80.0
20-144,blood_2715,192.0
20-145,blood_2717,101.5
20-146,blood_2719,196.5
20-147,blood_2720,642.5
20-148,blood_2724,56.0
20-149,blood_2725,2366.0
20-150,blood_2726,456.5
20-151,blood_2727,175.0
20-152,blood_2732,148.5
20-153,blood_2733,74.0
20-154,blood_2735,174.5
20-155,blood_2736,788.5
20-156,blood_2741,1277.5
20-157,blood_2751,804.5
20-158,blood_2752,201.0
20-159,blood_2756,64.0
20-160,blood_2759,150.5
20-161,blood_2761,78.0
20-162,blood_2764,1065.5
20-163,blood_2774,210.5
20-164,blood_2781,915.5
20-165,blood_2782,1086.5
20-166,blood_2783,85.5
20-167,blood_2789,170.0
20-168,blood_2794,235.0
20-169,blood_2795,179.5
20-170,blood_2797,494.5
20-171,blood_2799,195.5
20-172,blood_2803,5761.5
20-173,blood_2804,2346.0
20-174,blood_2805,85.5
20-175,blood_2807,788.5
20-176,blood_2808,98.5
20-177,blood_2809,136.5
20-178,blood_2813,324.0
20-179,blood_2814,308.0
20-180,blood_2823,77.0
20-181,blood_2827,1234.5
20-182,blood_2843,106.0
20-183,blood_2847,3935.5
20-184,blood_2852,11814.0
20-185,blood_2854,46.0
20-186,blood_2861,177.0
20-187,blood_2869,124.0
20-188,blood_2871,46.5
20-189,blood_2886,1629.5
20-190,blood_2890,212.0
20-191,blood_2894,134.5
20-192,blood_2895,123.0
21-01,blood_3807,91.0
21-02,blood_3820,907.0
21-03,blood_3822,56.0
21-04,blood_3826,64.0
21-05,blood_3828,64.0
21-06,blood_3835,370.0
21-07,blood_3836,152.5
21-08,blood_3840,1215.5
21-09,blood_3842,238.0
21-10,blood_3843,6622.5
21-11,blood_3851,154.0
21-12,blood_3852,481.5
21-13,blood_3857,378.0
21-14,blood_3858,56.0
21-15,blood_3867,364.5
21-16,blood_3870,94.0
21-17,blood_3871,93.0
21-18,blood_3874,232.5
21-19,blood_3875,104.5
21-20,blood_3876,358.0
21-21,blood_3877,339.0
21-22,blood_3878,325.5
21-23,blood_3879,524.0
21-24,blood_3880,471.0
21-25,blood_3881,5075.5
21-26,blood_3884,56.0
21-27,blood_3887,113.0
21-28,blood_3888,6390.0
21-29,blood_3889,3265.0
21-30,blood_3892,102.0
21-31,blood_3893,113.0
21-32,blood_3894,56.0
21-33,blood_3895,885.0
21-34,blood_3897,644.0
21-35,blood_3898,2672.0
21-36,blood_3899,10569.0
21-37,blood_3904,56.0
21-38,blood_3907,79.5
21-39,blood_3912,1950.5
21-40,blood_3920,68.0
21-41,blood_3922,68.0
21-42,blood_3923,105.5
21-43,blood_3925,68.0
21-44,blood_3928,60.0
21-45,blood_3930,49.0
21-46,blood_3931,55.0
21-47,blood_3933,192.0
21-48,blood_3934,87.0
21-49,blood_3935,56.0
21-50,blood_3936,144.0
21-51,blood_3937,56.0
21-52,blood_3938,773.5
21-53,blood_3942,261.5
21-54,blood_3945,430.0
21-55,blood_3951,181.0
21-56,blood_3952,72.0
21-57,blood_3953,1150.0
21-58,blood_3954,941.5
21-59,blood_3955,88.0
21-60,blood_3957,142.0
21-61,blood_3958,160.0
21-62,blood_3961,593.5
21-63,blood_3963,196.0
21-64,blood_3964,554.5
21-65,blood_3965,549.5
21-66,blood_3966,590.5
21-67,blood_3967,48.0
21-68,blood_3968,571.0
21-69,blood_3969,365.5
21-70,blood_3970,110.5
21-71,blood_3974,72.0
21-72,blood_3975,363.5
21-73,blood_3976,598.5
21-74,blood_3977,79.5
21-75,blood_3978,117.5
21-76,blood_3979,188.5
21-77,blood_3980,1058.0
21-78,blood_3982,237.0
21-79,blood_3983,56.0
21-80,blood_3984,312.5
21-81,blood_3985,16251.5
21-82,blood_3986,6180.5
21-83,blood_3987,103.0
21-84,blood_3988,64.0
21-85,blood_3990,49.0
21-86,blood_3991,84.5
21-87,blood_3992,200.5
21-88,blood_3994,1904.5
21-89,blood_3997,880.0
21-90,blood_3999,653.0
21-91,blood_4000,572.0
21-92,blood_4001,212.5
21-93,blood_4002,195.5
21-94,blood_4005,17468.0
21-95,blood_4006,2696.0
21-96,blood_4007,626.5
21-97,blood_4008,254.0
21-98,blood_4010,86.0
21-99,blood_4011,1380.5
21-100,blood_4012,164.0
21-101,blood_4013,83.0
21-102,blood_4014,7835.5
21-103,blood_4016,862.0
21-104,blood_4017,44.0
21-105,blood_4018,343.0
21-106,blood_4019,56.0
21-107,blood_4020,101.5
21-108,blood_4021,300.5
21-109,blood_4022,125.5
21-110,blood_4023,1766.0
21-111,blood_4024,56.0
21-112,blood_4025,77.0
21-113,blood_4026,1048.0
21-114,blood_4027,61.0
21-115,blood_4028,339.5
21-116,blood_4029,169.5
21-117,blood_4030,64.0
21-118,blood_4031,559.5
21-119,blood_4032,2390.5
21-120,blood_4033,300.0
21-121,blood_4034,3963.0
21-122,blood_4035,135.5
21-123,blood_4036,195.0
21-124,blood_4037,193.5
21-125,blood_4038,96.0
21-126,blood_4039,861.5
21-127,blood_4040,146.5
21-128,blood_4041,1876.0
21-129,blood_4042,149.5
21-130,blood_4043,221.5
21-131,blood_4044,167.5
21-132,blood_4045,8948.0
21-133,blood_4046,88.0
21-134,blood_4047,604.5
21-135,blood_4048,58.0
21-136,blood_4049,106.0
21-137,blood_4050,65.5
21-138,blood_4051,365.5
21-139,blood_4052,286.0
21-140,blood_4053,211.0
21-141,blood_4054,52.0
21-142,blood_4055,409.5
21-143,blood_4056,210.5
21-144,blood_4057,169.0
21-145,blood_4058,68.0
21-146,blood_4059,525.0
21-147,blood_4060,1245.5
21-148,blood_4061,302.0
21-149,blood_4062,56.0
21-150,blood_4063,107.0
21-151,blood_4064,2322.0
21-152,blood_4065,1619.5
21-153,blood_4066,64.5
21-154,blood_4067,108.5
21-155,blood_4068,226.5
21-156,blood_4069,302.0
21-157,blood_4070,671.5
21-158,blood_4071,348.5
21-159,blood_4072,3629.0
21-160,blood_4073,177.5
21-161,blood_4074,187.5
21-162,blood_4075,117.0
21-163,blood_4076,5516.0
21-164,blood_4077,119.0
21-165,blood_4078,2126.5
21-166,blood_4079,736.5
21-167,blood_4080,1167.0
21-168,blood_4081,64.0
21-169,blood_4082,141.5
21-170,blood_4083,736.5
21-171,blood_4084,142.5
21-172,blood_4085,246.5
21-173,blood_4086,72.0
21-174,blood_4087,134.0
21-175,blood_4088,1520.5
21-176,blood_4089,64.5
21-177,blood_4090,453.5
21-178,blood_4091,144.0
21-179,blood_4092,64.0
21-180,blood_4093,440.5
21-181,blood_4094,136.0
21-182,blood_4095,4532.5
21-183,blood_4096,71602.5
21-184,blood_4097,1517.0
21-185,blood_4098,120.0
21-186,blood_4099,207.0
21-187,blood_4100,304.5
21-188,blood_4101,56.0
21-189,blood_4102,422.5
21-190,blood_4103,427.0
21-191,blood_4104,430.0
21-192,blood_4105,109.0
21-193,blood_4106,3771.5
21-194,blood_4107,118.0
21-195,blood_4108,101.5
21-196,blood_4109,75.5
21-197,blood_4110,329.0
21-198,blood_4111,117.0
21-199,blood_4112,119.0
21-200,blood_4113,170.0
21-201,blood_4114,587.0
21-202,blood_4115,50.5
21-203,blood_4116,1424.5
21-204,blood_4117,512.5
21-205,blood_4118,225.5
21-206,blood_4119,875.0
21-207,blood_4120,235.0
21-208,blood_4121,179.0
21-209,blood_4122,154.0
21-210,blood_4123,281.0
21-211,blood_4124,56.0
21-212,blood_4125,150.5
22-01,blood_3593,1015.5
22-02,blood_3598,321.0
22-03,blood_3608,151.5
22-04,blood_3614,56.0
22-05,blood_3615,1049.0
22-06,blood_3617,83.5
22-07,blood_3620,3585.5
22-08,blood_3623,224.5
22-09,blood_3627,335.0
22-10,blood_3628,361.0
22-11,blood_3629,72.0
22-12,blood_3630,6093.5
22-13,blood_3632,64.0
22-14,blood_3635,48.0
22-15,blood_3641,56.0
22-16,blood_3650,115.0
22-17,blood_3651,300.5
22-18,blood_3656,99.0
22-19,blood_3659,744.0
22-20,blood_3662,392.5
22-21,blood_3663,52.0
22-22,blood_3666,60.0
22-23,blood_3668,2078.0
22-24,blood_3671,99.0
22-25,blood_3672,56.0
22-26,blood_3674,416.0
22-27,blood_3675,398.5
22-28,blood_3686,729.0
22-29,blood_3687,82.0
22-30,blood_3691,126.5
22-31,blood_3692,124.5
22-32,blood_3693,123.5
22-33,blood_3694,314.0
22-34,blood_3695,99.0
22-35,blood_3696,339.5
22-36,blood_3697,781.5
22-37,blood_3698,56.0
22-38,blood_3699,264.0
22-39,blood_3700,586.0
22-40,blood_3701,199.5
22-41,blood_3702,121.5
22-42,blood_3703,1123.5
22-43,blood_3704,56.0
22-44,blood_3706,56.0
22-45,blood_3707,416.5
22-46,blood_3709,241.5
22-47,blood_3710,1056.5
22-48,blood_3714,388.0
22-49,blood_3715,64.0
22-50,blood_3716,9339.5
22-51,blood_3717,83.5
22-52,blood_3719,242.0
22-53,blood_3720,64.0
22-54,blood_3721,425.5
22-55,blood_3724,809.0
22-56,blood_3725,70.5
22-57,blood_3726,292.0
22-58,blood_3728,87.0
22-59,blood_3730,266.0
22-60,blood_3733,100.0
22-61,blood_3735,1786.5
22-62,blood_3736,86.0
22-63,blood_3738,84.5
22-64,blood_3742,182.0
22-65,blood_3743,56.0
22-66,blood_3744,116.0
22-67,blood_3745,445.5
22-68,blood_3746,499.0
22-69,blood_3747,518.5
22-70,blood_3748,105.0
22-71,blood_3749,283.5
22-72,blood_3750,332.0
22-73,blood_3751,70.5
22-74,blood_3752,85.5
22-75,blood_3754,9705.5
22-76,blood_3755,780.5
22-77,blood_3756,155.0
22-78,blood_3758,897.5
22-79,blood_3760,347.5
22-80,blood_3761,109.5
22-81,blood_3763,53.5
22-82,blood_3770,402.0
22-83,blood_3774,810.0
22-84,blood_3776,744.5
22-85,blood_3777,102.5
22-86,blood_3780,729.5
22-87,blood_3781,546.0
22-88,blood_3784,2462.0
22-89,blood_3785,77.0
22-90,blood_3787,143.0
22-91,blood_3788,56.0
22-92,blood_3789,173.5
22-93,blood_3790,10452.5
22-94,blood_3792,1177.0
22-95,blood_3793,187.0
22-96,blood_3794,64.0
22-97,blood_3795,167.5
22-98,blood_3797,119.0
22-99,blood_3798,2300.5
22-100,blood_3799,131.0
22-101,blood_3802,296.5
22-102,blood_3805,537.0
22-103,blood_3810,114.0
22-104,blood_3812,52.0
22-105,blood_3813,295.0
22-106,blood_3814,493.0
22-107,blood_3816,78.0
22-108,blood_3819,238.0
22-109,blood_3821,56.0
22-110,blood_3823,743.5
22-111,blood_3824,79.5
22-112,blood_3827,72.0
22-113,blood_3829,242.5
22-114,blood_3831,75.5
22-115,blood_3832,197.0
22-116,blood_3833,117.0
22-117,blood_3834,344.5
22-118,blood_3837,639.5
22-119,blood_3838,1902.5
22-120,blood_3839,490.0
22-121,blood_3841,247.0
22-122,blood_3844,652.0
22-123,blood_3845,373.5
22-124,blood_3846,103.5
22-125,blood_3847,41.0
22-126,blood_3848,103.5
22-127,blood_3849,145.5
22-128,blood_3850,50.5
22-129,blood_3853,228.5
22-130,blood_3854,183.5
22-131,blood_3855,13546.5
22-132,blood_3859,1046.0
22-133,blood_3860,76.0
22-134,blood_3861,64.0
22-135,blood_3862,310.0
22-136,blood_3863,982.5
22-137,blood_3864,73.5
22-138,blood_3865,198.5
22-139,blood_3866,52.0
22-140,blood_3868,84.0
22-141,blood_3869,632.0
22-142,blood_3872,321.5
22-143,blood_3873,86.0
22-144,blood_3882,3066.0
22-145,blood_3883,139.5
22-146,blood_3885,189.0
22-147,blood_3886,133.5
22-148,blood_3890,275.0
22-149,blood_3891,386.0
22-150,blood_3896,1012.0
22-151,blood_3900,72.0
22-152,blood_3901,1966.0
22-153,blood_3902,47.0
22-154,blood_3903,104.5
22-155,blood_3905,47.0
22-156,blood_3906,655.5
22-157,blood_3908,68.0
22-158,blood_3909,537.0
22-159,blood_3910,217.5
22-160,blood_3911,606.5
22-161,blood_3913,78.0
22-162,blood_3914,832.5
22-163,blood_3915,1524.5
22-164,blood_3916,64.0
22-165,blood_3917,107.5
22-166,blood_3918,322.0
22-167,blood_3919,80.0
22-168,blood_3921,56.0
22-169,blood_3924,311.5
22-170,blood_3926,688.0
22-171,blood_3927,582.5
22-172,blood_3929,206.5
22-173,blood_3932,224.0
22-174,blood_3939,56.0
22-175,blood_3940,155.5
22-176,blood_3941,285.5
22-177,blood_3943,56.0
22-178,blood_3944,94.0
22-179,blood_3946,233.5
22-180,blood_3947,80.5
22-181,blood_3948,1713.0
22-182,blood_3949,159.5
22-183,blood_3950,3924.0
22-184,blood_3956,64.0
22-185,blood_3959,2103.5
22-186,blood_3960,59.0
22-187,blood_3962,491.0
22-188,blood_3971,3569.0
22-189,blood_3972,483.5
22-190,blood_3973,401.0
22-191,blood_3981,843.0
22-192,blood_3989,79.5
22-193,blood_3993,310.5
22-194,blood_3995,104.0
22-195,blood_3996,708.0
22-196,blood_3998,112.0
22-197,blood_4003,197.5
22-198,blood_4004,77.0
22-199,blood_4009,924.0
22-200,blood_4015,188.5
23-01,blood_3356,329.5
23-02,blood_3359,174.0
23-03,blood_3361,171.0
23-04,blood_3362,257.0
23-05,blood_3365,83.0
23-06,blood_3366,6423.0
23-07,blood_3367,354.0
23-08,blood_3376,375.5
23-09,blood_3382,3363.5
23-10,blood_3384,59.5
23-11,blood_3388,74.5
23-12,blood_3389,180.5
23-13,blood_3409,53.5
23-14,blood_3415,772.5
23-15,blood_3419,496.0
23-16,blood_3420,1641.0
23-17,blood_3421,129.0
23-18,blood_3422,300.5
23-19,blood_3429,218.5
23-20,blood_3431,385.5
23-21,blood_3432,309.5
23-22,blood_3433,77.0
23-23,blood_3434,446.5
23-24,blood_3436,136.5
23-25,blood_3438,163.5
23-26,blood_3439,56.0
23-27,blood_3441,7663.5
23-28,blood_3445,72.0
23-29,blood_3447,138.5
23-30,blood_3450,80.0
23-31,blood_3452,100.0
23-32,blood_3453,210.5
23-33,blood_3456,123.5
23-34,blood_3457,428.0
23-35,blood_3461,144.5
23-36,blood_3462,22084.5
23-37,blood_3466,185.0
23-38,blood_3469,214.0
23-39,blood_3471,692.5
23-40,blood_3476,1936.0
23-41,blood_3479,941.5
23-42,blood_3480,107.5
23-43,blood_3484,56.0
23-44,blood_3485,56.0
23-45,blood_3486,56.0
23-46,blood_3487,84.5
23-47,blood_3490,1102.0
23-48,blood_3491,2414.5
23-49,blood_3493,72.5
23-50,blood_3494,1213.0
23-51,blood_3498,561.5
23-52,blood_3500,1536.0
23-53,blood_3502,91.0
23-54,blood_3503,401.5
23-55,blood_3505,309.5
23-56,blood_3509,105.5
23-57,blood_3510,443.5
23-58,blood_3511,129.0
23-59,blood_3513,518.5
23-60,blood_3514,6220.5
23-61,blood_3517,1104.5
23-62,blood_3519,92.0
23-63,blood_3521,46.0
23-64,blood_3528,364.5
23-65,blood_3529,98.0
23-66,blood_3533,260.0
23-67,blood_3536,100.5
23-68,blood_3538,56.0
23-69,blood_3539,56.0
23-70,blood_3540,4700.0
23-71,blood_3541,83.0
23-72,blood_3543,151.0
23-73,blood_3544,301.0
23-74,blood_3545,68.5
23-75,blood_3546,100.0
23-76,blood_3548,634.0
23-77,blood_3549,60.0
23-78,blood_3552,56.0
23-79,blood_3553,70.5
23-80,blood_3554,90.0
23-81,blood_3555,377.5
23-82,blood_3556,1420.0
23-83,blood_3557,105.5
23-84,blood_3558,104.0
23-85,blood_3559,580.0
23-86,blood_3562,239.5
23-87,blood_3564,597.5
23-88,blood_3566,64.0
23-89,blood_3567,415.0
23-90,blood_3570,1406.0
23-91,blood_3573,157.5
23-92,blood_3575,164.0
23-93,blood_3576,107.0
23-94,blood_3578,108.5
23-95,blood_3580,968.5
23-96,blood_3581,229.0
23-97,blood_3583,370.0
23-98,blood_3584,1071.0
23-99,blood_3585,56.0
23-100,blood_3589,154.5
23-101,blood_3596,161.5
23-102,blood_3599,94.0
23-103,blood_3600,11610.0
23-104,blood_3601,42.5
23-105,blood_3605,1979.5
23-106,blood_3609,109.0
23-107,blood_3612,101.0
23-108,blood_3618,1123.5
23-109,blood_3622,784.5
23-110,blood_3626,709.5
23-111,blood_3633,382.5
23-112,blood_3638,15291.0
23-113,blood_3639,795.0
23-114,blood_3640,174.5
23-115,blood_3647,152.5
23-116,blood_3648,536.5
23-117,blood_3649,1070.0
23-118,blood_3652,294.5
23-119,blood_3653,3938.0
23-120,blood_3657,2283.0
23-121,blood_3660,1773.0
23-122,blood_3664,454.0
23-123,blood_3665,121.0
23-124,blood_3667,56.0
23-125,blood_3669,112.0
23-126,blood_3670,149.0
23-127,blood_3673,475.0
23-128,blood_3676,293.5
23-129,blood_3677,52.0
23-130,blood_3678,1330.5
23-131,blood_3679,140.5
23-132,blood_3680,153.0
23-133,blood_3681,461.0
23-134,blood_3682,66.0
23-135,blood_3683,7005.5
23-136,blood_3684,625.0
23-137,blood_3685,3885.5
23-138,blood_3688,96.5
23-139,blood_3689,196.0
23-140,blood_3690,2847.5
23-141,blood_3705,49.0
23-142,blood_3708,142.0
23-143,blood_3711,64.0
23-144,blood_3712,77.0
23-145,blood_3713,3790.0
23-146,blood_3718,167.5
23-147,blood_3722,289.0
23-148,blood_3723,306.0
23-149,blood_3727,458.5
23-150,blood_3729,335.0
23-151,blood_3731,2670.0
23-152,blood_3732,95.0
23-153,blood_3734,1804.0
23-154,blood_3737,414.0
23-155,blood_3739,318.5
23-156,blood_3740,428.5
23-157,blood_3741,93.5
23-158,blood_3753,176.5
23-159,blood_3757,1436.0
23-160,blood_3759,169.5
23-161,blood_3762,762.5
23-162,blood_3764,249.5
23-163,blood_3765,686.0
23-164,blood_3766,935.0
23-165,blood_3767,56.0
23-166,blood_3768,64.0
23-167,blood_3769,316.0
23-168,blood_3771,598.5
23-169,blood_3772,72.0
23-170,blood_3773,1344.5
23-171,blood_3775,247.0
23-172,blood_3778,292.0
23-173,blood_3779,904.5
23-174,blood_3782,220.5
23-175,blood_3783,56.0
23-176,blood_3786,177.5
23-177,blood_3791,56.0
23-178,blood_3796,64.0
23-179,blood_3800,300.5
23-180,blood_3801,167.0
23-181,blood_3803,63.0
23-182,blood_3804,474.0
23-183,blood_3806,1079.0
23-184,blood_3808,56.0
23-185,blood_3809,85.0
23-186,blood_3811,349.5
23-187,blood_3815,321.5
23-188,blood_3817,133.5
23-189,blood_3818,135.0
23-190,blood_3825,260.0
23-191,blood_3830,333.0
23-192,blood_3856,99.0
24-01,blood_3239,1160.5
24-02,blood_3245,103.5
24-03,blood_3247,71.5
24-04,blood_3248,1604.5
24-05,blood_3252,194.5
24-06,blood_3253,265.0
24-07,blood_3258,56.0
24-08,blood_3259,114.0
24-09,blood_3265,337.0
24-10,blood_3278,117.0
24-11,blood_3281,437.0
24-12,blood_3282,285.0
24-13,blood_3290,6392.0
24-14,blood_3291,56.0
24-15,blood_3293,56.0
24-16,blood_3296,56.0
24-17,blood_3301,56.0
24-18,blood_3302,855.5
24-19,blood_3309,89.5
24-20,blood_3310,213.5
24-21,blood_3311,3539.0
24-22,blood_3312,56.0
24-23,blood_3318,94.0
24-24,blood_3319,2463.0
24-25,blood_3320,483.5
24-26,blood_3322,56.0
24-27,blood_3323,613.0
24-28,blood_3324,192.5
24-29,blood_3327,307.5
24-30,blood_3328,91.5
24-31,blood_3330,122.5
24-32,blood_3331,129.5
24-33,blood_3334,70.5
24-34,blood_3335,104.0
24-35,blood_3336,3604.0
24-36,blood_3338,548.5
24-37,blood_3340,173.0
24-38,blood_3342,75.5
24-39,blood_3343,64.0
24-40,blood_3344,56.0
24-41,blood_3345,675.5
24-42,blood_3346,97.0
24-43,blood_3347,82.5
24-44,blood_3348,104.0
24-45,blood_3349,626.0
24-46,blood_3350,2989.5
24-47,blood_3351,246.0
24-48,blood_3352,56.0
24-49,blood_3354,1136.0
24-50,blood_3358,82.0
24-51,blood_3363,608.5
24-52,blood_3368,56.0
24-53,blood_3370,282.5
24-54,blood_3375,369.0
24-55,blood_3377,153.5
24-56,blood_3383,130.0
24-57,blood_3385,1051.5
24-58,blood_3386,142.0
24-59,blood_3391,643.0
24-60,blood_3392,74.0
24-61,blood_3393,217.0
24-62,blood_3394,219.0
24-63,blood_3395,224.5
24-64,blood_3397,2047.0
24-65,blood_3401,313.5
24-66,blood_3402,176.0
24-67,blood_3404,2350.5
24-68,blood_3405,259.0
24-69,blood_3407,172.0
24-70,blood_3410,65.0
24-71,blood_3412,186.0
24-72,blood_3413,49.0
24-73,blood_3416,378.5
24-74,blood_3417,1357.0
24-75,blood_3423,190.5
24-76,blood_3424,815.5
24-77,blood_3425,857.5
24-78,blood_3427,75.5
24-79,blood_3428,17475.5
24-80,blood_3430,1452.5
24-81,blood_3435,2290.5
24-82,blood_3437,163.5
24-83,blood_3442,108.5
24-84,blood_3444,64.0
24-85,blood_3448,736.0
24-86,blood_3449,4876.5
24-87,blood_3451,124.5
24-88,blood_3454,2870.0
24-89,blood_3455,868.5
24-90,blood_3459,56.0
24-91,blood_3460,139.5
24-92,blood_3463,107.5
24-93,blood_3464,52.0
24-94,blood_3465,72.0
24-95,blood_3467,77.5
24-96,blood_3468,187.0
24-97,blood_3470,958.0
24-98,blood_3472,215.0
24-99,blood_3473,56.0
24-100,blood_3474,114.0
24-101,blood_3475,1359.0
24-102,blood_3477,243.5
24-103,blood_3478,201.0
24-104,blood_3481,138.5
24-105,blood_3482,1747.0
24-106,blood_3483,94.0
24-107,blood_3488,280.5
24-108,blood_3489,284.0
24-109,blood_3492,56.0
24-110,blood_3495,2676.5
24-111,blood_3496,73.0
24-112,blood_3497,77.0
24-113,blood_3499,56.0
24-114,blood_3501,477.0
24-115,blood_3504,178.0
24-116,blood_3506,528.5
24-117,blood_3507,407.0
24-118,blood_3508,184.0
24-119,blood_3512,101.0
24-120,blood_3515,307.0
24-121,blood_3516,65.5
24-122,blood_3518,60.5
24-123,blood_3520,65.5
24-124,blood_3522,390.0
24-125,blood_3523,188.5
24-126,blood_3524,1140.0
24-127,blood_3525,231.0
24-128,blood_3526,64.0
24-129,blood_3527,507.5
24-130,blood_3530,375.0
24-131,blood_3531,55.0
24-132,blood_3532,210.5
24-133,blood_3534,286.0
24-134,blood_3535,384.5
24-135,blood_3537,60.0
24-136,blood_3542,2785.5
24-137,blood_3547,64.0
24-138,blood_3550,75.5
24-139,blood_3551,68.0
24-140,blood_3560,239.0
24-141,blood_3561,434.0
24-142,blood_3563,64.0
24-143,blood_3565,289.0
24-144,blood_3568,438.5
24-145,blood_3569,629.0
24-146,blood_3571,232.5
24-147,blood_3572,512.5
24-148,blood_3574,107.5
24-149,blood_3577,56.0
24-150,blood_3579,2095.5
24-151,blood_3582,64.0
24-152,blood_3586,456.0
24-153,blood_3587,385.5
24-154,blood_3588,56.0
24-155,blood_3590,255.0
24-156,blood_3591,1226.5
24-157,blood_3592,129.5
24-158,blood_3594,631.0
24-159,blood_3595,52.0
24-160,blood_3597,126.0
24-161,blood_3602,79.5
24-162,blood_3603,537.5
24-163,blood_3604,145.0
24-164,blood_3606,327.0
24-165,blood_3607,93.5
24-166,blood_3610,1057.0
24-167,blood_3611,552.5
24-168,blood_3613,75.5
24-169,blood_3616,132.0
24-170,blood_3619,141.0
24-171,blood_3621,323.0
24-172,blood_3624,90.0
24-173,blood_3625,193.0
24-174,blood_3631,64.0
24-175,blood_3634,223.5
24-176,blood_3636,310.5
24-177,blood_3637,201.0
24-178,blood_3642,380.5
24-179,blood_3643,184.5
24-180,blood_3644,96.5
24-181,blood_3645,884.5
24-182,blood_3646,118.5
24-183,blood_3654,233.5
24-184,blood_3655,64.0
24-185,blood_3658,453.0
24-186,blood_3661,328.0
25-01,blood_3187,307.5
25-02,blood_3188,256.0
25-03,blood_3189,734.5
25-04,blood_3190,330.5
25-05,blood_3191,106.5
25-06,blood_3192,54.0
25-07,blood_3193,315.5
25-08,blood_3194,199.0
25-09,blood_3195,395.5
25-10,blood_3196,64.0
25-11,blood_3197,2186.5
25-12,blood_3198,99.5
25-13,blood_3199,452.5
25-14,blood_3200,2841.0
25-15,blood_3201,160.5
25-16,blood_3202,175.5
25-17,blood_3203,97.5
25-18,blood_3204,187.0
25-19,blood_3205,49.0
25-20,blood_3206,490.5
25-21,blood_3207,230.0
25-22,blood_3208,248.5
25-23,blood_3209,118.0
25-24,blood_3210,895.5
25-25,blood_3211,324.5
25-26,blood_3212,228.5
25-27,blood_3213,497.5
25-28,blood_3214,98.0
25-29,blood_3215,372.5
25-30,blood_3216,211.5
25-31,blood_3217,52.0
25-32,blood_3218,600.0
25-33,blood_3219,56.0
25-34,blood_3220,56.0
25-35,blood_3221,448.5
25-36,blood_3222,277.5
25-37,blood_3223,166.5
25-38,blood_3224,90.0
25-39,blood_3225,88.0
25-40,blood_3226,250.0
25-41,blood_3227,56.0
25-42,blood_3228,64.0
25-43,blood_3229,303.0
25-44,blood_3230,214.0
25-45,blood_3231,330.0
25-46,blood_3232,112.5
25-47,blood_3233,93.0
25-48,blood_3234,124.5
25-49,blood_3235,124.5
25-50,blood_3236,56.0
25-51,blood_3237,56.0
25-52,blood_3238,108.0
25-53,blood_3240,251.5
25-54,blood_3241,871.5
25-55,blood_3242,123.5
25-56,blood_3243,142.0
25-57,blood_3244,151.5
25-58,blood_3246,159.0
25-59,blood_3249,214.0
25-60,blood_3250,116.5
25-61,blood_3251,122.0
25-62,blood_3254,94.0
25-63,blood_3255,167.0
25-64,blood_3256,49.0
25-65,blood_3257,49.0
25-66,blood_3260,262.0
25-67,blood_3261,139.5
25-68,blood_3262,103.5
25-69,blood_3263,249.5
25-70,blood_3264,76.5
25-71,blood_3266,219.5
25-72,blood_3267,119.0
25-73,blood_3268,1169.0
25-74,blood_3269,137.0
25-75,blood_3270,254.5
25-76,blood_3271,185.5
25-77,blood_3272,409.0
25-78,blood_3273,91.5
25-79,blood_3274,63.5
25-80,blood_3275,56.0
25-81,blood_3276,624.5
25-82,blood_3277,1928.0
25-83,blood_3279,4382.5
25-84,blood_3280,626.0
25-85,blood_3283,324.5
25-86,blood_3284,112.0
25-87,blood_3285,73.0
25-88,blood_3286,72.0
25-89,blood_3287,1059.5
25-90,blood_3288,454.5
25-91,blood_3289,350.0
25-92,blood_3292,55.0
25-93,blood_3294,125.0
25-94,blood_3295,56.0
25-95,blood_3297,354.5
25-96,blood_3298,2232.5
25-97,blood_3299,2028.5
25-98,blood_3300,894.5
25-99,blood_3303,509.5
25-100,blood_3304,126.0
25-101,blood_3305,111.0
25-102,blood_3306,550.5
25-103,blood_3307,283.0
25-104,blood_3308,80.0
25-105,blood_3313,111.5
25-106,blood_3314,132.0
25-107,blood_3315,56.0
25-108,blood_3316,1663.0
25-109,blood_3317,305.5
25-110,blood_3321,762.0
25-111,blood_3325,223.5
25-112,blood_3326,798.0
25-113,blood_3329,47.5
25-114,blood_3332,473.5
25-115,blood_3333,272.0
25-116,blood_3337,111.0
25-117,blood_3339,119.0
25-118,blood_3341,333.0
25-119,blood_3353,222.0
25-120,blood_3355,914.5
25-121,blood_3357,135.0
25-122,blood_3360,399.5
25-123,blood_3364,327.0
25-124,blood_3369,72.0
25-125,blood_3371,346.0
25-126,blood_3372,691.0
25-127,blood_3373,3108.0
25-128,blood_3374,240.0
25-129,blood_3378,195.5
25-130,blood_3379,132.0
25-131,blood_3380,86.0
25-132,blood_3381,293.5
25-133,blood_3387,2044.0
25-134,blood_3390,178.5
25-135,blood_3396,154.0
25-136,blood_3398,243.0
25-137,blood_3399,208.5
25-138,blood_3400,48.0
25-139,blood_3403,88.0
25-140,blood_3406,261.5
25-141,blood_3408,194.5
25-142,blood_3411,1234.5
25-143,blood_3414,204.0
25-144,blood_3418,110.5
25-145,blood_3426,264.5
25-146,blood_3440,647.0
25-147,blood_3443,108.0
25-148,blood_3446,174.5
25-149,blood_3458,508.5
